employee_id,department,job_role,monthly_income,attrition_risk_score,risk_tier,attrition
1,Legal,Sales Executive,40800.0,0.040533331585556526,Low Risk,0
2,Sales,Engineer,42100.0,0.1101735208080772,Low Risk,0
3,R&D,Manager,20000.0,0.2199689289496627,Low Risk,0
4,Sales,Analyst,20000.0,0.4144361731368635,Medium Risk,0
5,Sales,Research Scientist,20000.0,0.46856100758076413,Medium Risk,0
6,Marketing,Analyst,22400.0,0.01200253887509651,Low Risk,0
7,Engineering,Research Scientist,20000.0,0.23824721253058598,Low Risk,0
8,Engineering,Manager,20000.0,0.3129144926986877,Medium Risk,0
9,R&D,Sales Executive,20000.0,0.27464806352369064,Low Risk,0
10,HR,Research Scientist,20000.0,0.2595627134563269,Low Risk,0
11,HR,Sales Executive,20000.0,0.27666902745179195,Low Risk,0
12,Engineering,HR Manager,32600.0,0.024743648602475327,Low Risk,0
13,Sales,Analyst,23400.0,0.012046702375527683,Low Risk,0
14,Sales,Research Scientist,20300.0,0.12081873034812984,Low Risk,0
15,Finance,Manager,20000.0,0.3859875020984631,Medium Risk,0
16,R&D,Analyst,24300.0,0.021550947326328482,Low Risk,0
17,Sales,Analyst,23300.0,0.10977723381472783,Low Risk,0
18,Sales,HR Manager,20000.0,0.3721919301306977,Medium Risk,0
19,R&D,HR Manager,40500.0,0.030330034666829632,Low Risk,0
20,R&D,Manager,21800.0,0.04333161568938136,Low Risk,0
21,Operations,HR Manager,20700.0,0.042494121094676165,Low Risk,0
22,Engineering,Research Scientist,20000.0,0.24519018829072725,Low Risk,0
23,Engineering,Research Scientist,20000.0,0.3305651614054751,Medium Risk,0
24,Finance,Manager,20000.0,0.5799506205516836,Medium Risk,0
25,Sales,HR Manager,20000.0,0.3623465903393965,Medium Risk,0
26,R&D,HR Manager,20000.0,0.31883853326093414,Medium Risk,0
27,Sales,Sales Executive,20000.0,0.7468468029408679,High Risk,1
28,R&D,Research Scientist,20200.0,0.18127030597226387,Low Risk,0
29,Sales,Manager,20000.0,0.12680419625071354,Low Risk,0
30,HR,Analyst,20000.0,0.2524866596851715,Low Risk,0
31,Finance,HR Manager,20000.0,0.16510495285145613,Low Risk,0
32,R&D,Research Scientist,20000.0,0.2986095438732088,Low Risk,0
33,Sales,Analyst,20000.0,0.6369252691440692,High Risk,1
34,Sales,Analyst,20000.0,0.4272258657840738,Medium Risk,0
35,Sales,Manager,20000.0,0.05362286177345423,Low Risk,0
36,Engineering,Research Scientist,20200.0,0.5574037855493831,Medium Risk,1
37,Marketing,Sales Executive,20000.0,0.22978311693938364,Low Risk,0
38,R&D,HR Manager,20000.0,0.3546122827392363,Medium Risk,0
39,Operations,Manager,20000.0,0.2181826792504749,Low Risk,0
40,HR,Research Scientist,20000.0,0.3179665018569466,Medium Risk,0
41,Finance,Research Scientist,24500.0,0.03384827733959753,Low Risk,0
42,Sales,HR Manager,20000.0,0.3032620313596294,Medium Risk,0
43,Sales,Research Scientist,20000.0,0.3923306464980997,Medium Risk,0
44,R&D,Engineer,20000.0,0.19558246125046413,Low Risk,0
45,Sales,Research Scientist,20000.0,0.2805419449915651,Low Risk,0
46,Sales,Director,20000.0,0.24802502137858387,Low Risk,0
47,Sales,Manager,20000.0,0.45809230093449504,Medium Risk,0
48,R&D,HR Manager,20000.0,0.6115425284606973,High Risk,0
49,R&D,Research Scientist,20000.0,0.15880905957636396,Low Risk,0
50,Engineering,Sales Executive,20000.0,0.2408229974069291,Low Risk,0
51,R&D,Analyst,20000.0,0.23072234192027452,Low Risk,0
52,Marketing,HR Manager,20000.0,0.28906636555310716,Low Risk,0
53,Operations,Analyst,20900.0,0.004744754834511972,Low Risk,0
54,Sales,Sales Executive,20000.0,0.18545789725872822,Low Risk,0
55,HR,HR Manager,20000.0,0.3407433020889772,Medium Risk,0
56,R&D,Research Scientist,20600.0,0.04426594310476413,Low Risk,0
57,Engineering,Engineer,20000.0,0.5926835821016241,Medium Risk,1
58,R&D,Engineer,20000.0,0.5421177518736038,Medium Risk,0
59,Engineering,Research Scientist,20000.0,0.31121085560954453,Medium Risk,0
60,Finance,Research Scientist,20000.0,0.22910142483345436,Low Risk,0
61,Engineering,Analyst,20000.0,0.2760123990861932,Low Risk,1
62,Finance,Sales Executive,30200.0,0.007717013097185861,Low Risk,0
63,HR,HR Manager,27300.0,0.04081948272843114,Low Risk,0
64,Operations,Director,20000.0,0.5906445219106045,Medium Risk,1
65,Sales,Research Scientist,20000.0,0.12768360691323177,Low Risk,0
66,Legal,Research Scientist,20000.0,0.5536681294371558,Medium Risk,1
67,R&D,Director,22800.0,0.036001140952938875,Low Risk,0
68,Engineering,Manager,40900.0,0.04588172596124419,Low Risk,0
69,Finance,Engineer,20000.0,0.2984389843286118,Low Risk,0
70,R&D,Sales Executive,20000.0,0.2666583409814079,Low Risk,0
71,Engineering,Sales Executive,20000.0,0.2024777083502314,Low Risk,0
72,Finance,Sales Executive,21300.0,0.09569401324443998,Low Risk,0
73,Marketing,HR Manager,20000.0,0.3919936445680787,Medium Risk,0
74,R&D,Sales Executive,35600.0,0.028868244378959313,Low Risk,0
75,Engineering,HR Manager,20000.0,0.2614638351567978,Low Risk,0
76,Sales,Research Scientist,20000.0,0.30568590034004844,Medium Risk,0
77,Sales,Sales Executive,20000.0,0.06616602718095488,Low Risk,0
78,Engineering,HR Manager,20000.0,0.1655406154506468,Low Risk,0
79,Finance,Sales Executive,20000.0,0.3560704420423543,Medium Risk,0
80,R&D,Manager,20000.0,0.5226679337529974,Medium Risk,0
81,Marketing,Manager,23100.0,0.030291621530741705,Low Risk,0
82,R&D,Engineer,20000.0,0.44502392296006205,Medium Risk,0
83,Sales,Engineer,23600.0,0.0530230745020621,Low Risk,0
84,Marketing,Research Scientist,20000.0,0.11650107485637388,Low Risk,0
85,Sales,Manager,20000.0,0.5312460461327483,Medium Risk,0
86,R&D,Director,20000.0,0.10677311545026423,Low Risk,0
87,Engineering,Director,20000.0,0.2693913220443145,Low Risk,0
88,Engineering,Manager,20000.0,0.0801148950407229,Low Risk,0
89,Sales,Sales Executive,28800.0,0.04549734831982284,Low Risk,0
90,Operations,Research Scientist,20000.0,0.5466587599456861,Medium Risk,1
91,HR,Manager,22900.0,0.054353718350042025,Low Risk,0
92,Sales,Engineer,20000.0,0.16987060569495516,Low Risk,0
93,Engineering,Analyst,20000.0,0.5378321780866444,Medium Risk,0
94,R&D,HR Manager,20000.0,0.2562378687605618,Low Risk,0
95,HR,Director,20000.0,0.05799539891487251,Low Risk,1
96,Engineering,Engineer,31600.0,0.015997642280372572,Low Risk,0
97,R&D,Director,20000.0,0.22237939692706174,Low Risk,0
98,R&D,Director,20000.0,0.5136444767196714,Medium Risk,0
99,R&D,Analyst,27900.0,0.06692545625201016,Low Risk,0
100,Finance,Engineer,23900.0,0.01891582741056562,Low Risk,0
101,R&D,Sales Executive,20000.0,0.43207094166638377,Medium Risk,0
102,R&D,HR Manager,20000.0,0.15615041948093955,Low Risk,0
103,Engineering,Manager,20000.0,0.24225075798360898,Low Risk,0
104,Sales,Research Scientist,20000.0,0.2718581377612065,Low Risk,0
105,Operations,HR Manager,20000.0,0.4825728472369261,Medium Risk,0
106,Engineering,Director,20000.0,0.48493720145874425,Medium Risk,0
107,Engineering,Manager,20000.0,0.15634686226065947,Low Risk,0
108,R&D,HR Manager,20000.0,0.8254713015233881,High Risk,1
109,R&D,Manager,20700.0,0.1256613026580173,Low Risk,0
110,Finance,HR Manager,20000.0,0.5245548731970292,Medium Risk,1
111,Marketing,Sales Executive,20000.0,0.28914668035120533,Low Risk,0
112,Sales,Research Scientist,20000.0,0.8345385171084635,High Risk,1
113,R&D,Director,20000.0,0.6314458643463969,High Risk,1
114,Sales,HR Manager,20000.0,0.4314233921605741,Medium Risk,0
115,Finance,Engineer,20400.0,0.3276305805570128,Medium Risk,0
116,R&D,Research Scientist,20000.0,0.4328396765591891,Medium Risk,0
117,Engineering,Sales Executive,20000.0,0.6670656902041497,High Risk,1
118,Sales,Manager,20000.0,0.4863730619928526,Medium Risk,0
119,R&D,Engineer,20000.0,0.1901973579944283,Low Risk,0
120,R&D,Manager,20000.0,0.08167672069528913,Low Risk,0
121,Engineering,Analyst,28700.0,0.013992156134258077,Low Risk,0
122,Finance,Sales Executive,20000.0,0.055425112662171275,Low Risk,0
123,Finance,Sales Executive,20000.0,0.17843961086839855,Low Risk,0
124,Operations,HR Manager,20000.0,0.30564686270145336,Medium Risk,0
125,Engineering,Manager,20000.0,0.3559765782890221,Medium Risk,0
126,R&D,Research Scientist,20000.0,0.8014669933153534,High Risk,1
127,R&D,Manager,35400.0,0.09157332144962255,Low Risk,0
128,Engineering,Research Scientist,20000.0,0.30784402599797156,Medium Risk,0
129,HR,Manager,24200.0,0.0130288575878866,Low Risk,0
130,Engineering,Analyst,20000.0,0.37662234066363587,Medium Risk,0
131,R&D,Engineer,20000.0,0.2992374277116122,Low Risk,0
132,Legal,Manager,23900.0,0.014737925110964447,Low Risk,0
133,Sales,Engineer,20000.0,0.3319150499546263,Medium Risk,0
134,R&D,Analyst,20000.0,0.7867152702466806,High Risk,1
135,R&D,Engineer,28100.0,0.08289325541143375,Low Risk,0
136,R&D,Analyst,34100.0,0.00905708440402427,Low Risk,0
137,Sales,Engineer,35700.0,0.04133129172184476,Low Risk,0
138,Legal,Engineer,20000.0,0.7394665818855224,High Risk,1
139,R&D,Sales Executive,20000.0,0.2230298938458262,Low Risk,0
140,Legal,HR Manager,50800.0,0.09129129874423575,Low Risk,0
141,Finance,Engineer,20000.0,0.29913565837212286,Low Risk,0
142,Operations,Manager,28900.0,0.05579808309646394,Low Risk,0
143,R&D,Analyst,29600.0,0.07462494291899711,Low Risk,0
144,Finance,Engineer,20000.0,0.04094041094793331,Low Risk,0
145,Sales,HR Manager,20000.0,0.21866779376451725,Low Risk,0
146,Sales,Analyst,20000.0,0.24007745637087322,Low Risk,0
147,Sales,Sales Executive,21900.0,0.05032786166589875,Low Risk,0
148,Marketing,HR Manager,20000.0,0.46187246740313365,Medium Risk,0
149,R&D,Analyst,22300.0,0.03507765001993724,Low Risk,0
150,Sales,Manager,20000.0,0.5959605072623014,Medium Risk,1
151,Engineering,Analyst,20000.0,0.19217501357821212,Low Risk,0
152,R&D,HR Manager,20000.0,0.8219809287184493,High Risk,1
153,R&D,Analyst,20000.0,0.08492526002406706,Low Risk,0
154,R&D,Analyst,20000.0,0.517609869790538,Medium Risk,0
155,Engineering,Research Scientist,20000.0,0.5996965988606704,Medium Risk,1
156,R&D,Research Scientist,20000.0,0.05666571091819986,Low Risk,0
157,R&D,Sales Executive,20000.0,0.1377893914971765,Low Risk,0
158,Finance,HR Manager,20000.0,0.13342678274347594,Low Risk,0
159,R&D,HR Manager,20000.0,0.47447482738018837,Medium Risk,0
160,Sales,Research Scientist,24200.0,0.07249386488048176,Low Risk,0
161,R&D,Director,20000.0,0.2874357848361011,Low Risk,0
162,Operations,Research Scientist,20000.0,0.2731852698310698,Low Risk,0
163,R&D,Research Scientist,20000.0,0.40225140361807094,Medium Risk,0
164,R&D,Analyst,20000.0,0.6829787745178146,High Risk,1
165,R&D,Research Scientist,20000.0,0.3031850310230105,Medium Risk,0
166,Sales,Research Scientist,20000.0,0.03619322011286051,Low Risk,0
167,Sales,HR Manager,20000.0,0.31352250926415526,Medium Risk,0
168,R&D,Engineer,20000.0,0.06827659738353815,Low Risk,0
169,R&D,Director,21000.0,0.0582070672981026,Low Risk,0
170,R&D,Research Scientist,20000.0,0.44950043113529026,Medium Risk,1
171,R&D,Engineer,20000.0,0.0680405971097398,Low Risk,0
172,Engineering,HR Manager,20000.0,0.8793186770203227,High Risk,1
173,Engineering,Manager,20000.0,0.3326195803080151,Medium Risk,0
174,Operations,HR Manager,20000.0,0.21833662818459115,Low Risk,0
175,R&D,Sales Executive,20000.0,0.14900477973934897,Low Risk,0
176,Sales,Engineer,20000.0,0.49408728764045706,Medium Risk,1
177,Operations,Sales Executive,20000.0,0.2844167466969368,Low Risk,0
178,R&D,HR Manager,20000.0,0.6500198233062132,High Risk,0
179,R&D,Director,36400.0,0.017995344483283885,Low Risk,0
180,Engineering,Sales Executive,23000.0,0.02107267865890507,Low Risk,0
181,Finance,HR Manager,50100.0,0.030031919512982595,Low Risk,0
182,Marketing,Manager,20000.0,0.6631863072720873,High Risk,1
183,Finance,Analyst,30900.0,0.008433728235970743,Low Risk,0
184,Engineering,Analyst,20000.0,0.19585124366733578,Low Risk,0
185,HR,Research Scientist,20000.0,0.6368757584973279,High Risk,1
186,Engineering,HR Manager,20000.0,0.3591684349807674,Medium Risk,0
187,Operations,Sales Executive,20000.0,0.805369268898178,High Risk,1
188,Engineering,Director,20000.0,0.30833227214567144,Medium Risk,0
189,HR,Research Scientist,20000.0,0.5699934110437209,Medium Risk,1
190,Engineering,Manager,23800.0,0.08828469632748995,Low Risk,0
191,Finance,Director,20700.0,0.045014848443737855,Low Risk,0
192,R&D,Engineer,20000.0,0.09141246599025864,Low Risk,0
193,Operations,Research Scientist,20000.0,0.04473223309786051,Low Risk,0
194,Finance,Engineer,20000.0,0.17047123595005242,Low Risk,0
195,R&D,Engineer,36700.0,0.07757408396957598,Low Risk,0
196,HR,Manager,20000.0,0.060510377116367156,Low Risk,0
197,Engineering,Manager,20000.0,0.35652680984896157,Medium Risk,0
198,R&D,Sales Executive,20000.0,0.2521292507905228,Low Risk,0
199,Sales,Research Scientist,20000.0,0.10833785445767403,Low Risk,0
200,Engineering,Engineer,20000.0,0.23447713693748873,Low Risk,0
201,Sales,Engineer,34500.0,0.036851570034326445,Low Risk,0
202,R&D,Manager,20000.0,0.06973636434642246,Low Risk,0
203,R&D,Research Scientist,20000.0,0.1250244728455778,Low Risk,0
204,R&D,Engineer,20000.0,0.22128165292127533,Low Risk,0
205,Engineering,Director,20000.0,0.15540118205900444,Low Risk,0
206,Engineering,Director,20000.0,0.409502286554561,Medium Risk,0
207,Engineering,Manager,22700.0,0.031228757868145565,Low Risk,0
208,HR,Director,26500.0,0.03150066586450387,Low Risk,0
209,Marketing,Manager,20000.0,0.6957956509029496,High Risk,1
210,Engineering,HR Manager,20000.0,0.4247162206689702,Medium Risk,0
211,HR,Manager,20000.0,0.6017447460418396,High Risk,1
212,R&D,Sales Executive,37300.0,0.03288561968092592,Low Risk,0
213,Sales,Director,20000.0,0.3463848831697508,Medium Risk,0
214,Sales,Engineer,20000.0,0.7002475736890417,High Risk,1
215,R&D,HR Manager,25500.0,0.037207307322372075,Low Risk,0
216,Sales,HR Manager,20000.0,0.48228758383961157,Medium Risk,0
217,Engineering,Analyst,20000.0,0.13152882359968904,Low Risk,0
218,Operations,Manager,20000.0,0.2147694154309772,Low Risk,0
219,Sales,Analyst,20000.0,0.7139493406755613,High Risk,1
220,Marketing,Manager,20000.0,0.0599830640361996,Low Risk,0
221,Finance,Manager,20000.0,0.3458726672944366,Medium Risk,0
222,Marketing,Manager,20000.0,0.7527802688577038,High Risk,1
223,Engineering,Research Scientist,20000.0,0.1675568598715923,Low Risk,0
224,R&D,Manager,28200.0,0.05681921920781575,Low Risk,0
225,Operations,Analyst,22900.0,0.056179930183983026,Low Risk,0
226,Sales,Sales Executive,20000.0,0.19199177182306823,Low Risk,0
227,Sales,Analyst,20000.0,0.3320835609578762,Medium Risk,0
228,R&D,Sales Executive,20000.0,0.12325661117806704,Low Risk,0
229,Finance,Research Scientist,22100.0,0.03220319424596485,Low Risk,0
230,Engineering,Director,22000.0,0.06116035973497626,Low Risk,0
231,Operations,Director,20000.0,0.7113290962501931,High Risk,0
232,Engineering,Analyst,20000.0,0.22075461542183883,Low Risk,0
233,HR,Sales Executive,20000.0,0.2735781024694463,Low Risk,0
234,R&D,Engineer,20000.0,0.8313645178583946,High Risk,1
235,Finance,Director,21300.0,0.061144622995430324,Low Risk,0
236,Sales,Director,20600.0,0.18993632681484063,Low Risk,0
237,Sales,HR Manager,20000.0,0.15191647370036007,Low Risk,0
238,R&D,Director,20000.0,0.6791130546415463,High Risk,1
239,Sales,Director,27000.0,0.024775640763561917,Low Risk,0
240,Sales,Analyst,20000.0,0.6237877685974912,High Risk,0
241,Finance,Engineer,20000.0,0.4548366160819956,Medium Risk,0
242,Sales,Manager,23700.0,0.09607868793610798,Low Risk,0
243,Sales,Analyst,20000.0,0.3691505558010103,Medium Risk,0
244,Marketing,Manager,20000.0,0.11707228528822018,Low Risk,0
245,Finance,Engineer,20000.0,0.3861735676269942,Medium Risk,0
246,Finance,Analyst,20000.0,0.18141656153153826,Low Risk,0
247,Sales,Engineer,20000.0,0.31536635069239327,Medium Risk,1
248,Sales,Manager,23300.0,0.06554711738580336,Low Risk,0
249,R&D,Director,20000.0,0.6514311292651905,High Risk,1
250,Sales,Engineer,20000.0,0.6676962250401194,High Risk,0
251,Sales,Manager,20000.0,0.3499161614723754,Medium Risk,0
252,Marketing,Director,21300.0,0.02682623618514881,Low Risk,0
253,R&D,Director,22400.0,0.012919490781515284,Low Risk,0
254,Engineering,Director,20000.0,0.10926446121825714,Low Risk,0
255,Operations,Sales Executive,23900.0,0.04965707392444083,Low Risk,0
256,Finance,Manager,20000.0,0.373619231035683,Medium Risk,0
257,Sales,Sales Executive,20000.0,0.39153368334563815,Medium Risk,0
258,Engineering,HR Manager,20000.0,0.7175774897548511,High Risk,1
259,Finance,Research Scientist,20000.0,0.455043888483728,Medium Risk,0
260,Finance,Manager,26900.0,0.034544692023484015,Low Risk,0
261,Engineering,Engineer,20000.0,0.2667362275250019,Low Risk,0
262,Legal,Director,33600.0,0.0536448793816809,Low Risk,0
263,Sales,Engineer,20000.0,0.5566145963420284,Medium Risk,1
264,HR,Research Scientist,25600.0,0.013852357162948588,Low Risk,0
265,R&D,Sales Executive,20000.0,0.11493405868664398,Low Risk,0
266,Engineering,Sales Executive,20000.0,0.1931630197293116,Low Risk,0
267,HR,Director,20000.0,0.05485569344050721,Low Risk,0
268,R&D,Sales Executive,20000.0,0.5472490396876661,Medium Risk,1
269,Finance,HR Manager,20000.0,0.3032011783923008,Medium Risk,0
270,Engineering,Director,20100.0,0.30241808982113744,Medium Risk,0
271,Marketing,Manager,20000.0,0.5478614772851965,Medium Risk,0
272,Operations,HR Manager,34900.0,0.08910844817231801,Low Risk,0
273,Finance,Research Scientist,20000.0,0.2270322833278225,Low Risk,0
274,Engineering,Analyst,43000.0,0.022582713774446362,Low Risk,0
275,HR,Director,20000.0,0.3238094613773,Medium Risk,0
276,R&D,HR Manager,20000.0,0.17687871166332594,Low Risk,0
277,R&D,Sales Executive,24900.0,0.06873469971337619,Low Risk,0
278,Legal,HR Manager,20000.0,0.08514855475596139,Low Risk,0
279,R&D,Director,20000.0,0.762720158916057,High Risk,1
280,Engineering,Director,20000.0,0.6202475592504463,High Risk,1
281,Sales,Analyst,20000.0,0.17752291361175576,Low Risk,0
282,HR,Research Scientist,28600.0,0.08848123578635053,Low Risk,0
283,R&D,Sales Executive,20000.0,0.2323284992073151,Low Risk,0
284,R&D,Engineer,27600.0,0.09880252151616219,Low Risk,0
285,Marketing,Engineer,20000.0,0.7968276879111644,High Risk,1
286,Sales,Analyst,20000.0,0.12166130812018769,Low Risk,0
287,Operations,Analyst,20000.0,0.19957401088899174,Low Risk,0
288,R&D,Manager,20000.0,0.5263186199314291,Medium Risk,0
289,Sales,Sales Executive,20000.0,0.4034077519914825,Medium Risk,0
290,Marketing,Manager,20000.0,0.44983210931621465,Medium Risk,0
291,Sales,HR Manager,20000.0,0.517724657321168,Medium Risk,0
292,R&D,Engineer,20000.0,0.2651620542396469,Low Risk,0
293,Sales,HR Manager,20000.0,0.2267852026100408,Low Risk,0
294,R&D,Sales Executive,20000.0,0.4812334706023789,Medium Risk,1
295,R&D,HR Manager,20000.0,0.2769878114875788,Low Risk,0
296,Engineering,Manager,38200.0,0.01101657736934301,Low Risk,0
297,Engineering,Engineer,20000.0,0.08345536838826897,Low Risk,0
298,Engineering,Research Scientist,20000.0,0.31711999589919815,Medium Risk,0
299,Sales,Analyst,21700.0,0.008896183021845402,Low Risk,0
300,Operations,Analyst,20000.0,0.30059420533792114,Medium Risk,0
301,HR,Director,20000.0,0.32859200014970336,Medium Risk,0
302,Engineering,Sales Executive,20000.0,0.7056600933186223,High Risk,1
303,Engineering,Research Scientist,20000.0,0.34459373962778783,Medium Risk,0
304,Sales,Sales Executive,29400.0,0.02917464996636751,Low Risk,0
305,Sales,Director,20000.0,0.3405501614226427,Medium Risk,0
306,Sales,HR Manager,20000.0,0.3383999436422922,Medium Risk,0
307,Finance,Engineer,20000.0,0.4032406949805676,Medium Risk,0
308,Engineering,Director,20000.0,0.3721744452242051,Medium Risk,0
309,R&D,HR Manager,20000.0,0.16400723189952887,Low Risk,0
310,Sales,Engineer,23500.0,0.05816771455245648,Low Risk,0
311,Sales,Director,20000.0,0.15441822979141265,Low Risk,0
312,Sales,Research Scientist,20000.0,0.7797146281060222,High Risk,1
313,R&D,Research Scientist,20000.0,0.6444918422982744,High Risk,1
314,R&D,Director,20000.0,0.29565624368575255,Low Risk,0
315,Engineering,Engineer,20000.0,0.31771345491861325,Medium Risk,0
316,R&D,HR Manager,26900.0,0.016324973312095623,Low Risk,0
317,R&D,Research Scientist,21500.0,0.027752441087731373,Low Risk,0
318,Sales,Director,20000.0,0.14000706276991837,Low Risk,0
319,R&D,Manager,20000.0,0.4675908088362604,Medium Risk,0
320,R&D,Manager,20000.0,0.4141053202553973,Medium Risk,0
321,Sales,Sales Executive,20000.0,0.44224082487051547,Medium Risk,0
322,HR,Analyst,20000.0,0.5681143971975733,Medium Risk,1
323,Engineering,Sales Executive,20000.0,0.6934112575327925,High Risk,1
324,Sales,Engineer,20000.0,0.7036272311008037,High Risk,1
325,Finance,HR Manager,20000.0,0.2277944273198269,Low Risk,0
326,Operations,HR Manager,20000.0,0.3981567612360681,Medium Risk,0
327,Sales,HR Manager,25400.0,0.07693747696932904,Low Risk,0
328,Operations,Analyst,20000.0,0.06382475518181145,Low Risk,0
329,Finance,Director,20000.0,0.44602579207198473,Medium Risk,0
330,Marketing,HR Manager,20000.0,0.24141326753705958,Low Risk,0
331,R&D,HR Manager,20000.0,0.2868284970119696,Low Risk,0
332,Finance,Manager,20000.0,0.573255412365874,Medium Risk,1
333,Engineering,Director,20000.0,0.5476896095455842,Medium Risk,1
334,Engineering,HR Manager,20000.0,0.10912046198842631,Low Risk,0
335,R&D,Research Scientist,27200.0,0.06458583815882436,Low Risk,0
336,Engineering,Research Scientist,20000.0,0.08443510847694863,Low Risk,0
337,R&D,Manager,20000.0,0.3342818076974825,Medium Risk,1
338,Sales,HR Manager,20600.0,0.09788610813486663,Low Risk,0
339,Marketing,Engineer,20000.0,0.3135604420890242,Medium Risk,0
340,Finance,HR Manager,20000.0,0.12994566923891365,Low Risk,0
341,R&D,Sales Executive,24100.0,0.03164144087888715,Low Risk,0
342,R&D,HR Manager,25700.0,0.06605889905676318,Low Risk,0
343,Engineering,Director,20000.0,0.18725865625382884,Low Risk,0
344,R&D,Manager,20000.0,0.08458451658156017,Low Risk,0
345,R&D,Manager,24000.0,0.07130550854200196,Low Risk,0
346,Sales,Sales Executive,35100.0,0.035626203706820035,Low Risk,0
347,Sales,Engineer,20000.0,0.7329780522349278,High Risk,1
348,R&D,Sales Executive,20000.0,0.3364550643848398,Medium Risk,0
349,Sales,Analyst,38500.0,0.039926133668724065,Low Risk,0
350,Engineering,Sales Executive,20000.0,0.11263636235522662,Low Risk,0
351,R&D,Analyst,32400.0,0.05285910879018249,Low Risk,0
352,HR,Analyst,20000.0,0.046534536693659756,Low Risk,0
353,Finance,Director,20000.0,0.2561020718818311,Low Risk,0
354,Marketing,Sales Executive,20000.0,0.6570561739161662,High Risk,1
355,R&D,Research Scientist,20000.0,0.33784872975147384,Medium Risk,0
356,Sales,Research Scientist,20000.0,0.27117370983709527,Low Risk,0
357,Sales,HR Manager,20000.0,0.2172744479548394,Low Risk,0
358,Marketing,Research Scientist,20000.0,0.29029437871371927,Low Risk,0
359,HR,HR Manager,20000.0,0.42896996067839427,Medium Risk,0
360,R&D,Research Scientist,20000.0,0.08600322094427167,Low Risk,0
361,R&D,Sales Executive,20000.0,0.516531782364763,Medium Risk,0
362,R&D,HR Manager,20000.0,0.3188284987170263,Medium Risk,0
363,Sales,Engineer,28200.0,0.05218044456862621,Low Risk,0
364,Engineering,Manager,20000.0,0.3599044699161658,Medium Risk,0
365,Marketing,Engineer,28300.0,0.027772252062340574,Low Risk,0
366,HR,Research Scientist,20000.0,0.5745608683807566,Medium Risk,0
367,R&D,Analyst,20000.0,0.193162185944511,Low Risk,0
368,Sales,Research Scientist,20000.0,0.03422023614236615,Low Risk,0
369,R&D,Manager,20000.0,0.4224943231375064,Medium Risk,0
370,R&D,Analyst,20000.0,0.19870916482087775,Low Risk,0
371,R&D,Research Scientist,20000.0,0.26188954736581566,Low Risk,0
372,Engineering,HR Manager,27700.0,0.03997802406328872,Low Risk,0
373,Sales,Research Scientist,20000.0,0.7602733647890346,High Risk,1
374,R&D,Director,20000.0,0.819971647764953,High Risk,1
375,Engineering,Sales Executive,20000.0,0.3626314702970388,Medium Risk,0
376,Engineering,Sales Executive,20000.0,0.552777619114864,Medium Risk,1
377,Finance,Analyst,22900.0,0.019400047179694443,Low Risk,0
378,R&D,Engineer,20000.0,0.22587029854596807,Low Risk,0
379,R&D,Engineer,25100.0,0.019235003293294323,Low Risk,0
380,Sales,Engineer,22000.0,0.043052310126477825,Low Risk,0
381,Sales,Analyst,20000.0,0.3853270021860136,Medium Risk,0
382,R&D,Engineer,20000.0,0.6284793747813802,High Risk,1
383,Finance,Analyst,20000.0,0.27117728508045064,Low Risk,0
384,Finance,HR Manager,20000.0,0.2725915359091755,Low Risk,0
385,Finance,Manager,20000.0,0.07836076998875298,Low Risk,0
386,Engineering,Analyst,20000.0,0.25548464201377813,Low Risk,0
387,Engineering,Manager,41900.0,0.018954880966754583,Low Risk,0
388,Engineering,Engineer,20000.0,0.014219806730587101,Low Risk,0
389,Operations,Director,20000.0,0.20843451988234973,Low Risk,0
390,Finance,Manager,35600.0,0.031427013680924175,Low Risk,0
391,Sales,Manager,20000.0,0.5095229604114815,Medium Risk,1
392,R&D,Analyst,20000.0,0.8363724867935893,High Risk,1
393,R&D,Analyst,20000.0,0.16189953674320695,Low Risk,0
394,Sales,HR Manager,20000.0,0.2203633963670307,Low Risk,0
395,Engineering,HR Manager,20000.0,0.22310891448254874,Low Risk,0
396,Engineering,Engineer,24100.0,0.01032979989053368,Low Risk,0
397,Legal,HR Manager,20000.0,0.08961038783535265,Low Risk,0
398,Engineering,HR Manager,20000.0,0.28958942453178244,Low Risk,0
399,Operations,Research Scientist,20000.0,0.40694571751278164,Medium Risk,0
400,Engineering,Engineer,20000.0,0.7383941266369564,High Risk,1
401,Engineering,Research Scientist,20000.0,0.145559783904831,Low Risk,0
402,Marketing,Engineer,20000.0,0.09346691882564144,Low Risk,0
403,R&D,Engineer,20000.0,0.29171223539345176,Low Risk,0
404,R&D,Manager,20000.0,0.29946361628615903,Low Risk,0
405,Finance,Manager,20000.0,0.5602142682353018,Medium Risk,1
406,Finance,Engineer,20000.0,0.0826136941990864,Low Risk,0
407,R&D,Manager,20000.0,0.2155864995599068,Low Risk,0
408,Sales,Engineer,20000.0,0.20801731442645482,Low Risk,0
409,Engineering,Research Scientist,20000.0,0.43412993064253974,Medium Risk,0
410,Marketing,Analyst,20000.0,0.6058253875340163,High Risk,1
411,HR,Manager,20000.0,0.3697022422219374,Medium Risk,0
412,R&D,Engineer,20000.0,0.23607508328380722,Low Risk,0
413,Engineering,Engineer,20000.0,0.17352933655224245,Low Risk,0
414,R&D,Manager,20000.0,0.35094000618894744,Medium Risk,0
415,Finance,Manager,20000.0,0.05681569597865124,Low Risk,0
416,Sales,Analyst,20000.0,0.8027072067876122,High Risk,1
417,Engineering,HR Manager,20000.0,0.8154828031429686,High Risk,1
418,Engineering,Research Scientist,57300.0,0.034037470783774046,Low Risk,0
419,Sales,Analyst,34500.0,0.05556629933572807,Low Risk,0
420,Engineering,HR Manager,20000.0,0.20320875344447856,Low Risk,0
421,HR,Engineer,20000.0,0.13547445064699493,Low Risk,0
422,R&D,Manager,20000.0,0.43656183125644415,Medium Risk,0
423,Sales,Engineer,20000.0,0.7600971586814196,High Risk,1
424,Sales,Analyst,20000.0,0.45876119161633583,Medium Risk,0
425,Operations,Engineer,20000.0,0.18948874648316122,Low Risk,0
426,Finance,Manager,20000.0,0.6041199563147264,High Risk,1
427,R&D,Manager,20000.0,0.0473080182813026,Low Risk,0
428,Engineering,Analyst,20000.0,0.19978696215341935,Low Risk,0
429,Sales,Manager,20000.0,0.1896218237233394,Low Risk,0
430,Sales,Engineer,20000.0,0.34835473009293794,Medium Risk,0
431,HR,Research Scientist,20000.0,0.3833090761540414,Medium Risk,0
432,Operations,Director,26400.0,0.03162063337509265,Low Risk,0
433,R&D,Analyst,20000.0,0.14407116416162802,Low Risk,0
434,Sales,HR Manager,20000.0,0.24856523735704145,Low Risk,0
435,Finance,HR Manager,20000.0,0.11703814171442878,Low Risk,0
436,Finance,HR Manager,20000.0,0.5398776724884874,Medium Risk,0
437,Engineering,Manager,20000.0,0.4232044194720828,Medium Risk,1
438,Finance,Manager,20000.0,0.29239825096958894,Low Risk,0
439,R&D,Manager,20000.0,0.631652628983607,High Risk,1
440,HR,Director,23200.0,0.0564652559494656,Low Risk,0
441,R&D,Analyst,20000.0,0.39230974923562956,Medium Risk,0
442,Sales,Engineer,28600.0,0.05029759025398018,Low Risk,0
443,Marketing,Director,20000.0,0.11961826471613334,Low Risk,0
444,R&D,Director,20000.0,0.2773128323184896,Low Risk,0
445,R&D,Research Scientist,20000.0,0.06862038362579713,Low Risk,0
446,Engineering,Sales Executive,20000.0,0.08542407295685175,Low Risk,0
447,Engineering,Sales Executive,20000.0,0.286151413335876,Low Risk,0
448,Engineering,Analyst,20000.0,0.839641813908573,High Risk,1
449,Sales,Manager,20000.0,0.1677389840671638,Low Risk,0
450,Operations,Sales Executive,20000.0,0.4533703571730377,Medium Risk,0
451,Sales,Analyst,20000.0,0.3023539266525119,Medium Risk,0
452,HR,Sales Executive,20500.0,0.06897303449979292,Low Risk,0
453,R&D,Sales Executive,20000.0,0.27820273854799027,Low Risk,0
454,Engineering,Sales Executive,20000.0,0.7050206643639514,High Risk,1
455,Marketing,Sales Executive,20000.0,0.24689343250499182,Low Risk,0
456,R&D,HR Manager,28500.0,0.054141571296081416,Low Risk,0
457,Sales,Manager,20000.0,0.3372966238821155,Medium Risk,0
458,Finance,Research Scientist,20000.0,0.16556314428227673,Low Risk,0
459,Engineering,HR Manager,20000.0,0.34045310990640437,Medium Risk,0
460,Sales,Director,20000.0,0.38229669997303006,Medium Risk,0
461,Sales,Analyst,20000.0,0.03858219664062638,Low Risk,0
462,R&D,HR Manager,22200.0,0.029821131054955395,Low Risk,0
463,R&D,Analyst,20000.0,0.7476351405872983,High Risk,1
464,R&D,Analyst,28800.0,0.018694943026095895,Low Risk,0
465,Marketing,Analyst,32500.0,0.08328247476361895,Low Risk,0
466,Engineering,Engineer,20000.0,0.2494607401285687,Low Risk,0
467,R&D,Research Scientist,20000.0,0.6463386312020326,High Risk,0
468,Engineering,Research Scientist,20000.0,0.45301311764370134,Medium Risk,0
469,Legal,Research Scientist,22200.0,0.025697837981087095,Low Risk,0
470,Sales,Research Scientist,20000.0,0.050065122396916656,Low Risk,0
471,Sales,Director,20000.0,0.2218479735092856,Low Risk,0
472,Sales,HR Manager,20000.0,0.295222449140412,Low Risk,0
473,HR,Sales Executive,26500.0,0.04273398792050728,Low Risk,0
474,R&D,Engineer,20000.0,0.3021482235052047,Medium Risk,0
475,HR,Manager,20000.0,0.10189385390938704,Low Risk,0
476,Finance,Research Scientist,20000.0,0.3414186945758928,Medium Risk,0
477,R&D,Analyst,20000.0,0.4224775519878174,Medium Risk,0
478,Finance,HR Manager,20000.0,0.5732499497816765,Medium Risk,1
479,R&D,Sales Executive,45400.0,0.02576517128599354,Low Risk,0
480,R&D,Engineer,20000.0,0.5257740044946442,Medium Risk,1
481,Engineering,Sales Executive,20000.0,0.5736310779135954,Medium Risk,1
482,Sales,Analyst,20000.0,0.09506516249662339,Low Risk,0
483,Engineering,Analyst,20000.0,0.6829077922210613,High Risk,1
484,Operations,Director,20000.0,0.2479115828308807,Low Risk,0
485,R&D,HR Manager,20000.0,0.24401703715368275,Low Risk,0
486,Marketing,Sales Executive,20000.0,0.2150222635664118,Low Risk,0
487,Engineering,Research Scientist,20000.0,0.1881805578696369,Low Risk,0
488,Sales,Research Scientist,25700.0,0.020856268400014498,Low Risk,0
489,Marketing,Manager,25700.0,0.04899862074003497,Low Risk,0
490,R&D,Sales Executive,24500.0,0.06771224474828177,Low Risk,0
491,Sales,HR Manager,20000.0,0.24587641078555453,Low Risk,0
492,R&D,Research Scientist,20000.0,0.36762580525649313,Medium Risk,0
493,Operations,Analyst,20000.0,0.3883948879026996,Medium Risk,0
494,HR,Engineer,20000.0,0.39968265418452104,Medium Risk,0
495,Marketing,HR Manager,20000.0,0.25955468137276955,Low Risk,0
496,Engineering,Manager,20000.0,0.12505098486408275,Low Risk,0
497,R&D,Manager,20000.0,0.5520697492618942,Medium Risk,0
498,R&D,HR Manager,26200.0,0.06672570235962828,Low Risk,0
499,Finance,Sales Executive,20000.0,0.08201655733285153,Low Risk,0
500,Finance,Sales Executive,25500.0,0.018902031933261967,Low Risk,0
501,Sales,Sales Executive,20000.0,0.1336141315651054,Low Risk,0
502,HR,Manager,20000.0,0.3396633002211184,Medium Risk,0
503,Finance,Manager,31100.0,0.052536342976561776,Low Risk,0
504,Engineering,HR Manager,20000.0,0.7906059423540153,High Risk,1
505,Operations,Director,20000.0,0.8279543882254717,High Risk,1
506,Finance,Research Scientist,20000.0,0.2509317458120988,Low Risk,0
507,Marketing,Analyst,20000.0,0.07608498252555113,Low Risk,0
508,Finance,Sales Executive,20000.0,0.6136940364761359,High Risk,1
509,R&D,Sales Executive,21500.0,0.06645907104235463,Low Risk,0
510,Sales,Analyst,20000.0,0.5251718964466995,Medium Risk,1
511,Sales,Manager,22900.0,0.03810991877851747,Low Risk,0
512,Finance,Engineer,23900.0,0.01358846888086538,Low Risk,0
513,R&D,Director,20000.0,0.34945228387743177,Medium Risk,0
514,R&D,Manager,20000.0,0.07026499502136584,Low Risk,0
515,Finance,HR Manager,20000.0,0.41671004041926857,Medium Risk,1
516,R&D,Engineer,20000.0,0.2849910614777651,Low Risk,0
517,Sales,Analyst,28300.0,0.056397009702336784,Low Risk,0
518,Sales,Sales Executive,20000.0,0.08161902114484318,Low Risk,0
519,Engineering,HR Manager,27600.0,0.057209034140111685,Low Risk,0
520,Sales,Manager,20000.0,0.2661343827854662,Low Risk,0
521,Engineering,Sales Executive,20000.0,0.3251999369380261,Medium Risk,0
522,R&D,Engineer,20000.0,0.48791562941078115,Medium Risk,0
523,Marketing,Engineer,29100.0,0.04605260491104835,Low Risk,0
524,Engineering,Sales Executive,50900.0,0.03522464109239892,Low Risk,0
525,Finance,Analyst,20000.0,0.1357268455331157,Low Risk,0
526,Sales,Manager,20000.0,0.3845240887701189,Medium Risk,0
527,Sales,Director,20000.0,0.3776948889846567,Medium Risk,0
528,Sales,Director,20000.0,0.3155864380388008,Medium Risk,0
529,R&D,Manager,20000.0,0.3201403501611316,Medium Risk,0
530,Finance,HR Manager,20000.0,0.2164042338023416,Low Risk,0
531,Marketing,Sales Executive,20500.0,0.09786522865139624,Low Risk,0
532,HR,HR Manager,20000.0,0.1564843965678448,Low Risk,0
533,Engineering,Research Scientist,20000.0,0.20631893422254324,Low Risk,0
534,Finance,Manager,20000.0,0.38369180085529214,Medium Risk,0
535,R&D,HR Manager,20000.0,0.41460517408053754,Medium Risk,0
536,R&D,Engineer,20000.0,0.7226447303001231,High Risk,1
537,Sales,Research Scientist,20000.0,0.1091474647661343,Low Risk,0
538,Finance,Research Scientist,23600.0,0.06866709048640697,Low Risk,0
539,Engineering,HR Manager,20000.0,0.23770625713597188,Low Risk,0
540,R&D,Analyst,20000.0,0.2555376281380006,Low Risk,0
541,Engineering,Sales Executive,20000.0,0.07806309888244173,Low Risk,0
542,R&D,Sales Executive,20000.0,0.2874755915082621,Low Risk,0
543,Engineering,HR Manager,20000.0,0.6878549696386088,High Risk,1
544,R&D,Analyst,20000.0,0.5767313863420884,Medium Risk,1
545,Sales,Director,23900.0,0.05109035529853871,Low Risk,0
546,Engineering,Sales Executive,20000.0,0.5759606452006256,Medium Risk,1
547,HR,HR Manager,20000.0,0.3671169495158119,Medium Risk,0
548,R&D,Research Scientist,20000.0,0.06737260540847644,Low Risk,0
549,R&D,Engineer,20000.0,0.0663686706428546,Low Risk,0
550,Sales,Director,20000.0,0.33161854383087835,Medium Risk,0
551,Engineering,Research Scientist,20000.0,0.3892344347462614,Medium Risk,0
552,Sales,HR Manager,25700.0,0.01388089044988798,Low Risk,0
553,Sales,Sales Executive,20000.0,0.30916733573581895,Medium Risk,0
554,R&D,HR Manager,35200.0,0.0321575458525527,Low Risk,0
555,Marketing,Manager,20000.0,0.33622202535353646,Medium Risk,0
556,Marketing,Manager,29000.0,0.05141627358966909,Low Risk,0
557,R&D,Director,20000.0,0.27125362772124273,Low Risk,0
558,Finance,Director,20000.0,0.25709910541414793,Low Risk,0
559,R&D,HR Manager,20000.0,0.7317195830228775,High Risk,1
560,Sales,Director,20000.0,0.729882983599115,High Risk,1
561,Sales,Engineer,20000.0,0.14967274681981174,Low Risk,0
562,R&D,Analyst,30300.0,0.0661574210278107,Low Risk,0
563,R&D,Analyst,20000.0,0.2765189508118656,Low Risk,0
564,R&D,Analyst,20000.0,0.16983636542255617,Low Risk,0
565,Sales,Engineer,24900.0,0.05293277215849386,Low Risk,0
566,Sales,HR Manager,25800.0,0.05042372932165195,Low Risk,0
567,Engineering,Manager,20000.0,0.06526568391139996,Low Risk,0
568,R&D,Director,20000.0,0.547641434393289,Medium Risk,0
569,Sales,Analyst,20000.0,0.37991145189365966,Medium Risk,0
570,R&D,HR Manager,20000.0,0.3768813892011467,Medium Risk,0
571,HR,Research Scientist,29500.0,0.05404366379369556,Low Risk,0
572,Sales,Research Scientist,20000.0,0.20549068000091658,Low Risk,0
573,R&D,Research Scientist,20000.0,0.14645307681468278,Low Risk,0
574,Sales,Manager,20000.0,0.23357556413665814,Low Risk,0
575,Marketing,Research Scientist,20000.0,0.05359300684655603,Low Risk,0
576,Engineering,Manager,20000.0,0.3409861696109497,Medium Risk,0
577,Sales,Manager,20000.0,0.32843382231229434,Medium Risk,0
578,Sales,Director,20000.0,0.2777668166703503,Low Risk,0
579,Finance,Engineer,20000.0,0.34372483976009455,Medium Risk,0
580,Finance,Sales Executive,20000.0,0.19506225244110081,Low Risk,0
581,Engineering,Manager,20000.0,0.4397243196492544,Medium Risk,0
582,R&D,Manager,45400.0,0.02139633191460171,Low Risk,0
583,Sales,Director,20000.0,0.07663307034980077,Low Risk,0
584,R&D,Engineer,20000.0,0.7317145696698368,High Risk,1
585,Marketing,Manager,20000.0,0.2730374478618712,Low Risk,0
586,R&D,Research Scientist,20000.0,0.7581319826229289,High Risk,1
587,Engineering,Research Scientist,22600.0,0.03336317963268818,Low Risk,0
588,R&D,Director,20000.0,0.13204625107912185,Low Risk,0
589,Marketing,HR Manager,20000.0,0.7025968645399634,High Risk,1
590,HR,Manager,22400.0,0.04568816325217326,Low Risk,0
591,Sales,Analyst,20000.0,0.75264705867141,High Risk,1
592,HR,Sales Executive,20000.0,0.44622464457392574,Medium Risk,0
593,Sales,Sales Executive,20000.0,0.14618881907980652,Low Risk,0
594,Finance,HR Manager,20000.0,0.4536505535556094,Medium Risk,0
595,R&D,Engineer,20000.0,0.1604644667438054,Low Risk,0
596,Sales,Sales Executive,20000.0,0.5577386125156427,Medium Risk,0
597,Finance,Research Scientist,24600.0,0.02924930415512028,Low Risk,0
598,Marketing,Research Scientist,21000.0,0.0034245059442447505,Low Risk,0
599,Engineering,Engineer,20000.0,0.4253354663262438,Medium Risk,0
600,R&D,Director,23900.0,0.008011849627566878,Low Risk,0
601,Sales,Director,20000.0,0.7903544739006533,High Risk,1
602,Finance,Director,20000.0,0.31628872760032023,Medium Risk,0
603,Engineering,Research Scientist,20000.0,0.42172720055410473,Medium Risk,0
604,R&D,Manager,20000.0,0.4125644103818089,Medium Risk,0
605,Operations,Engineer,20000.0,0.06992509656792423,Low Risk,0
606,Sales,Manager,20000.0,0.22406420379865072,Low Risk,0
607,Engineering,Director,20000.0,0.24969484752608714,Low Risk,0
608,Engineering,Director,20000.0,0.6297708897795757,High Risk,1
609,Finance,Analyst,20000.0,0.8781024007523746,High Risk,1
610,Finance,Director,20000.0,0.5073648368162974,Medium Risk,0
611,R&D,HR Manager,29900.0,0.053991752408288754,Low Risk,0
612,Sales,Research Scientist,26700.0,0.0768115746508749,Low Risk,0
613,Finance,Engineer,20000.0,0.24974739889227301,Low Risk,0
614,R&D,Director,20000.0,0.6457839001569486,High Risk,1
615,Sales,Manager,20000.0,0.08838876394827432,Low Risk,0
616,Sales,HR Manager,22400.0,0.06554421944920197,Low Risk,0
617,Sales,Engineer,20000.0,0.3092133206018797,Medium Risk,0
618,Engineering,Research Scientist,20000.0,0.789996305043469,High Risk,1
619,Finance,Sales Executive,20000.0,0.15062783583914777,Low Risk,0
620,R&D,Research Scientist,34100.0,0.05134811460159845,Low Risk,0
621,Engineering,Engineer,20000.0,0.12809142957011396,Low Risk,0
622,Operations,Research Scientist,35300.0,0.02243967461704827,Low Risk,0
623,Engineering,HR Manager,20000.0,0.20784273330574105,Low Risk,0
624,Sales,Research Scientist,20000.0,0.11575500045803984,Low Risk,0
625,R&D,Engineer,20000.0,0.8326622594484693,High Risk,1
626,Sales,HR Manager,20000.0,0.5050084986627857,Medium Risk,0
627,R&D,Manager,20000.0,0.5679284087910647,Medium Risk,1
628,R&D,Sales Executive,20000.0,0.05198349190084986,Low Risk,0
629,R&D,Engineer,20000.0,0.3261973461540409,Medium Risk,1
630,Engineering,Director,20000.0,0.2231075904161842,Low Risk,0
631,Engineering,Manager,20000.0,0.6154766183907789,High Risk,1
632,Sales,Sales Executive,20000.0,0.19786072175061625,Low Risk,0
633,Operations,HR Manager,20000.0,0.5623602833707064,Medium Risk,1
634,Finance,Analyst,26800.0,0.011610205282775591,Low Risk,0
635,Sales,Director,20000.0,0.15144881451064465,Low Risk,0
636,HR,Sales Executive,20000.0,0.2851347061791119,Low Risk,0
637,HR,Engineer,38700.0,0.0436501842529942,Low Risk,0
638,Operations,HR Manager,24800.0,0.02960004767030957,Low Risk,0
639,Finance,Manager,20000.0,0.5524297678644988,Medium Risk,0
640,Sales,Analyst,20000.0,0.38567252869787166,Medium Risk,0
641,R&D,Engineer,26100.0,0.0636346686857324,Low Risk,0
642,Engineering,Director,20000.0,0.5035777333382354,Medium Risk,0
643,HR,Engineer,20000.0,0.402424053319011,Medium Risk,1
644,Marketing,Analyst,20000.0,0.2966519505414352,Low Risk,0
645,Engineering,Director,20000.0,0.04401430008010019,Low Risk,0
646,Sales,Director,28100.0,0.033289720719142886,Low Risk,0
647,Finance,HR Manager,20000.0,0.31035033074637913,Medium Risk,0
648,R&D,Research Scientist,20000.0,0.06202401849501296,Low Risk,0
649,R&D,Analyst,20000.0,0.42603726006049597,Medium Risk,0
650,Sales,HR Manager,20000.0,0.1369988147967579,Low Risk,0
651,Sales,Manager,20200.0,0.22296570623106068,Low Risk,0
652,Engineering,Engineer,20000.0,0.3805321699239282,Medium Risk,0
653,R&D,HR Manager,38200.0,0.04638805535384421,Low Risk,0
654,Sales,Engineer,21000.0,0.1388904642900981,Low Risk,0
655,HR,Analyst,20000.0,0.0782646599695969,Low Risk,0
656,R&D,Research Scientist,20600.0,0.06113629153555002,Low Risk,0
657,Sales,Director,20000.0,0.3634569403701712,Medium Risk,0
658,Finance,Sales Executive,22700.0,0.017900680820902376,Low Risk,0
659,HR,HR Manager,20000.0,0.39899964723614656,Medium Risk,0
660,Finance,Analyst,20000.0,0.0526928860674311,Low Risk,0
661,Sales,Sales Executive,20000.0,0.2963821546663475,Low Risk,0
662,R&D,Engineer,20000.0,0.42554126775704126,Medium Risk,0
663,Legal,Manager,20000.0,0.25532294936472316,Low Risk,0
664,Sales,Director,20000.0,0.2111636042024745,Low Risk,0
665,HR,HR Manager,31200.0,0.06930222423460955,Low Risk,0
666,Sales,Sales Executive,20000.0,0.42279804513806213,Medium Risk,0
667,Sales,Sales Executive,20000.0,0.35106200496772244,Medium Risk,0
668,Sales,Director,20000.0,0.1278913536529353,Low Risk,0
669,Marketing,Sales Executive,33800.0,0.017028854351258355,Low Risk,0
670,Finance,Director,20000.0,0.5011201732858099,Medium Risk,0
671,Sales,Director,20000.0,0.29071233069393004,Low Risk,0
672,Sales,Director,20000.0,0.7620124766666927,High Risk,1
673,Sales,Engineer,20000.0,0.5979217175848114,Medium Risk,1
674,Engineering,Research Scientist,20000.0,0.08458115470440583,Low Risk,0
675,Sales,Director,20000.0,0.3331927368300455,Medium Risk,0
676,Engineering,Engineer,20000.0,0.3335205234302498,Medium Risk,0
677,R&D,Research Scientist,20000.0,0.044465618627178155,Low Risk,0
678,Sales,Research Scientist,20000.0,0.6487262796880681,High Risk,0
679,R&D,Director,20000.0,0.42618686429895547,Medium Risk,0
680,Engineering,Sales Executive,20000.0,0.2106486739889366,Low Risk,0
681,R&D,Engineer,21700.0,0.041342304964777706,Low Risk,0
682,HR,Engineer,20000.0,0.2358838446475193,Low Risk,0
683,Finance,Director,20000.0,0.5771026709624187,Medium Risk,0
684,Sales,Research Scientist,20000.0,0.7987771969843179,High Risk,1
685,Sales,Director,20000.0,0.2716144961043648,Low Risk,0
686,Sales,Analyst,20000.0,0.439169346884502,Medium Risk,0
687,Engineering,Research Scientist,20000.0,0.4868545443436157,Medium Risk,0
688,Sales,Research Scientist,20000.0,0.11922460206818836,Low Risk,0
689,Finance,Analyst,20000.0,0.28522101022268265,Low Risk,0
690,Finance,Sales Executive,20000.0,0.08544298926792475,Low Risk,0
691,R&D,HR Manager,26100.0,0.06312892111505283,Low Risk,0
692,Marketing,Sales Executive,28600.0,0.02970448157767157,Low Risk,0
693,Engineering,Sales Executive,31200.0,0.03398542843879701,Low Risk,0
694,Sales,HR Manager,20000.0,0.46834899270104136,Medium Risk,0
695,Finance,Director,20000.0,0.22908869682548516,Low Risk,0
696,Marketing,Director,20000.0,0.3125142148088743,Medium Risk,0
697,R&D,Sales Executive,20000.0,0.3147657033990736,Medium Risk,0
698,Engineering,Engineer,20000.0,0.1916469975987343,Low Risk,0
699,Engineering,HR Manager,20000.0,0.3706282871285111,Medium Risk,0
700,Marketing,HR Manager,20000.0,0.5148276180996747,Medium Risk,0
701,Finance,Research Scientist,20000.0,0.7883288444462241,High Risk,1
702,Finance,Analyst,20000.0,0.2353607125588675,Low Risk,0
703,Sales,Sales Executive,20000.0,0.19238352739969336,Low Risk,0
704,Marketing,Engineer,20000.0,0.07516279975111041,Low Risk,0
705,R&D,Manager,20000.0,0.30966415513344137,Medium Risk,0
706,Marketing,Manager,20000.0,0.5699786151571512,Medium Risk,1
707,Legal,Analyst,20000.0,0.316074310481136,Medium Risk,0
708,Sales,HR Manager,20000.0,0.21811964179359478,Low Risk,0
709,Finance,HR Manager,20000.0,0.31263667505606163,Medium Risk,0
710,HR,Manager,20000.0,0.2700458536278532,Low Risk,0
711,Engineering,HR Manager,20000.0,0.18624603828997952,Low Risk,0
712,Finance,Research Scientist,20000.0,0.4180322523379102,Medium Risk,0
713,Sales,Research Scientist,20000.0,0.702268401718496,High Risk,1
714,Legal,Research Scientist,20000.0,0.18203802222189203,Low Risk,0
715,R&D,Director,20000.0,0.09857576132954643,Low Risk,0
716,Sales,Director,20000.0,0.09142077818388408,Low Risk,0
717,R&D,Analyst,20000.0,0.503572105436908,Medium Risk,0
718,R&D,Engineer,20000.0,0.1534648384635021,Low Risk,0
719,R&D,Research Scientist,20000.0,0.7668394808743132,High Risk,1
720,R&D,Director,21500.0,0.0725181566264914,Low Risk,0
721,Sales,Director,20000.0,0.040221957002569864,Low Risk,0
722,Legal,Manager,20000.0,0.3669021073529302,Medium Risk,0
723,Operations,Engineer,20000.0,0.18176090812990925,Low Risk,0
724,R&D,HR Manager,21100.0,0.04335286422776902,Low Risk,0
725,R&D,Engineer,23700.0,0.059805908759690996,Low Risk,0
726,Engineering,HR Manager,20000.0,0.22052453625488355,Low Risk,0
727,Marketing,Manager,20000.0,0.8099785987583448,High Risk,1
728,R&D,Sales Executive,39800.0,0.049419562261071075,Low Risk,0
729,Finance,Analyst,20000.0,0.2806477953258392,Low Risk,1
730,Sales,Sales Executive,24200.0,0.05193510560244467,Low Risk,0
731,R&D,Engineer,20000.0,0.08109188439059617,Low Risk,0
732,R&D,Manager,20000.0,0.43512302843180284,Medium Risk,0
733,Finance,Manager,20000.0,0.4356992908276717,Medium Risk,0
734,HR,Research Scientist,20000.0,0.8474058753995556,High Risk,1
735,Marketing,HR Manager,20000.0,0.3550778660156527,Medium Risk,1
736,Marketing,Analyst,20000.0,0.2523916820483002,Low Risk,0
737,R&D,Director,70500.0,0.009528164496534644,Low Risk,0
738,R&D,Sales Executive,20000.0,0.6341151103822071,High Risk,1
739,HR,Research Scientist,27000.0,0.09700395747812549,Low Risk,0
740,Finance,Manager,20000.0,0.10664445717074807,Low Risk,0
741,R&D,Director,20000.0,0.23451355706035773,Low Risk,0
742,Engineering,Director,20000.0,0.22905964507309245,Low Risk,0
743,Sales,Research Scientist,20000.0,0.1788932537560495,Low Risk,0
744,R&D,Research Scientist,20000.0,0.8275410145304778,High Risk,1
745,HR,Manager,20000.0,0.05156817644017578,Low Risk,0
746,Finance,Manager,20000.0,0.46210882103353235,Medium Risk,0
747,HR,Engineer,20000.0,0.7112853240146885,High Risk,1
748,R&D,Manager,20000.0,0.314022979415728,Medium Risk,0
749,Engineering,Analyst,20000.0,0.043603559896254,Low Risk,0
750,Engineering,HR Manager,20000.0,0.661183244523672,High Risk,1
751,Engineering,Analyst,20000.0,0.2294767674959186,Low Risk,0
752,R&D,HR Manager,20000.0,0.2985659949731142,Low Risk,0
753,Finance,Analyst,23500.0,0.04458835512504364,Low Risk,0
754,Sales,HR Manager,20000.0,0.07763785265190354,Low Risk,0
755,Sales,Manager,20000.0,0.553753124122325,Medium Risk,1
756,HR,Director,20000.0,0.2634266372322519,Low Risk,0
757,Legal,Engineer,20000.0,0.5805531994291588,Medium Risk,1
758,R&D,Research Scientist,25200.0,0.02178872090758493,Low Risk,0
759,Finance,Sales Executive,20000.0,0.24056461406554713,Low Risk,0
760,Sales,HR Manager,20000.0,0.3588871292034008,Medium Risk,0
761,R&D,Sales Executive,25700.0,0.06215498155377931,Low Risk,0
762,Engineering,Sales Executive,20000.0,0.39508402947102744,Medium Risk,0
763,HR,Sales Executive,20000.0,0.26971435587373616,Low Risk,0
764,Sales,Research Scientist,20000.0,0.06095931545819093,Low Risk,0
765,Finance,Manager,20000.0,0.19773145353047483,Low Risk,0
766,Sales,Research Scientist,20000.0,0.5398902961774436,Medium Risk,0
767,Engineering,Research Scientist,20000.0,0.16923626484068632,Low Risk,0
768,R&D,Director,20000.0,0.4651264788698324,Medium Risk,0
769,Marketing,Research Scientist,20000.0,0.8241552917395674,High Risk,1
770,R&D,Director,37300.0,0.023803982992092167,Low Risk,0
771,R&D,Engineer,20000.0,0.061705813177233546,Low Risk,0
772,Engineering,Engineer,20000.0,0.21467368682737553,Low Risk,0
773,Sales,Director,20000.0,0.0881477622254509,Low Risk,0
774,Sales,Research Scientist,25800.0,0.05993462582335091,Low Risk,0
775,Marketing,Analyst,20000.0,0.15559551760497306,Low Risk,0
776,Finance,Sales Executive,20000.0,0.4131758378160044,Medium Risk,0
777,R&D,Analyst,20000.0,0.1384396417788714,Low Risk,0
778,Sales,Research Scientist,20000.0,0.6681043428731865,High Risk,1
779,Engineering,HR Manager,20000.0,0.3779181432447002,Medium Risk,0
780,R&D,Analyst,48900.0,0.0400081857507639,Low Risk,0
781,Marketing,Research Scientist,20000.0,0.2704268338313837,Low Risk,0
782,Sales,Analyst,20000.0,0.13189236276600644,Low Risk,0
783,Engineering,Director,20000.0,0.7325989852912949,High Risk,1
784,Legal,Director,20000.0,0.1066427495789319,Low Risk,0
785,Sales,Analyst,20000.0,0.07954189637521301,Low Risk,0
786,Sales,HR Manager,20000.0,0.16524075782946304,Low Risk,0
787,R&D,Research Scientist,20000.0,0.7836458076424294,High Risk,1
788,R&D,Analyst,20000.0,0.6293564489641504,High Risk,1
789,Finance,Research Scientist,20000.0,0.26522636902878993,Low Risk,0
790,Finance,Sales Executive,20000.0,0.14190493592103479,Low Risk,0
791,R&D,Sales Executive,20000.0,0.16668591027430663,Low Risk,0
792,Finance,Sales Executive,20000.0,0.2703216791316348,Low Risk,0
793,HR,Director,20000.0,0.13143749744613364,Low Risk,0
794,Engineering,Analyst,20000.0,0.23425249622047162,Low Risk,0
795,Engineering,Research Scientist,20000.0,0.20256637927712906,Low Risk,0
796,Finance,Sales Executive,20000.0,0.2604422049130584,Low Risk,0
797,Finance,Manager,20300.0,0.1940966610739528,Low Risk,0
798,Sales,Sales Executive,20000.0,0.26661074968046417,Low Risk,0
799,Operations,Engineer,20000.0,0.3945327741661788,Medium Risk,0
800,Sales,Engineer,20000.0,0.2394205426074358,Low Risk,0
801,Engineering,Analyst,20000.0,0.2802913776040794,Low Risk,0
802,R&D,Research Scientist,20000.0,0.6839234569931287,High Risk,1
803,Sales,Manager,20000.0,0.30906927231481435,Medium Risk,0
804,Engineering,Engineer,25700.0,0.061083820727361716,Low Risk,0
805,Marketing,Director,20400.0,0.700159112413154,High Risk,1
806,Sales,Analyst,20900.0,0.06908794663265486,Low Risk,0
807,R&D,Research Scientist,20000.0,0.5856041755609968,Medium Risk,1
808,R&D,Director,20000.0,0.2592719951061378,Low Risk,0
809,R&D,Analyst,20000.0,0.5969930091976621,Medium Risk,0
810,Marketing,Engineer,20000.0,0.2478804584216465,Low Risk,0
811,R&D,Manager,24000.0,0.08202210727919085,Low Risk,0
812,Marketing,Research Scientist,20000.0,0.28731229962818183,Low Risk,1
813,HR,HR Manager,20000.0,0.06645304486947214,Low Risk,0
814,Marketing,Sales Executive,22200.0,0.05879193225810034,Low Risk,0
815,R&D,Analyst,25900.0,0.07685726434499668,Low Risk,0
816,Engineering,HR Manager,20000.0,0.5047237548229562,Medium Risk,0
817,Sales,Manager,20000.0,0.3943181248237476,Medium Risk,1
818,R&D,Research Scientist,20800.0,0.0924617800867476,Low Risk,0
819,Sales,Sales Executive,20000.0,0.09342160873955184,Low Risk,0
820,R&D,Sales Executive,20000.0,0.20877053917595922,Low Risk,0
821,Sales,Analyst,20000.0,0.173792790216598,Low Risk,0
822,Engineering,Director,20000.0,0.16566639181635942,Low Risk,0
823,Marketing,Director,20000.0,0.8250617407080064,High Risk,1
824,Sales,Manager,22700.0,0.02347593449164131,Low Risk,0
825,Engineering,Analyst,20000.0,0.21887601389723246,Low Risk,0
826,Sales,Sales Executive,20000.0,0.05414923129122535,Low Risk,0
827,Finance,HR Manager,20000.0,0.07855827787616448,Low Risk,0
828,Engineering,Engineer,20000.0,0.6284667235116275,High Risk,0
829,R&D,Manager,20000.0,0.5160194261984123,Medium Risk,1
830,Engineering,Director,20000.0,0.41348086898582365,Medium Risk,0
831,Engineering,Analyst,20000.0,0.5389604182694621,Medium Risk,0
832,R&D,HR Manager,20000.0,0.44398380905045703,Medium Risk,0
833,R&D,Director,23900.0,0.06933881960516311,Low Risk,0
834,R&D,Manager,20000.0,0.3872710921440391,Medium Risk,0
835,Legal,HR Manager,20000.0,0.6349630068607307,High Risk,0
836,Sales,Engineer,20000.0,0.43137309807574625,Medium Risk,0
837,Engineering,Sales Executive,22700.0,0.039865881154622654,Low Risk,0
838,Finance,Sales Executive,29200.0,0.04555926306246222,Low Risk,0
839,Operations,HR Manager,20000.0,0.6681822652309605,High Risk,0
840,R&D,Sales Executive,20100.0,0.06471957634595384,Low Risk,0
841,R&D,Manager,20000.0,0.13770938316468098,Low Risk,0
842,Marketing,Director,20000.0,0.2657046195647293,Low Risk,0
843,Sales,Engineer,20000.0,0.379817561325073,Medium Risk,0
844,R&D,Director,20000.0,0.14623590946207252,Low Risk,0
845,Engineering,HR Manager,20000.0,0.2031163751571974,Low Risk,0
846,R&D,Engineer,20000.0,0.321886257123057,Medium Risk,0
847,Legal,Engineer,20000.0,0.09446960194579924,Low Risk,0
848,Finance,Research Scientist,20000.0,0.039070063477399726,Low Risk,0
849,R&D,Research Scientist,20000.0,0.12905068544635087,Low Risk,0
850,Engineering,Manager,20000.0,0.7107887053581082,High Risk,1
851,R&D,Engineer,20000.0,0.051692824331025025,Low Risk,0
852,Engineering,Engineer,20000.0,0.20918566791643653,Low Risk,0
853,R&D,Sales Executive,20000.0,0.7451254298230823,High Risk,0
854,Marketing,Manager,22800.0,0.12328175111647084,Low Risk,0
855,R&D,Research Scientist,20000.0,0.33194719112831395,Medium Risk,0
856,Engineering,Engineer,20000.0,0.776724769801297,High Risk,1
857,R&D,Engineer,20000.0,0.03330243083689156,Low Risk,0
858,R&D,Analyst,20000.0,0.5115480025601334,Medium Risk,1
859,R&D,Engineer,23300.0,0.017858085561873457,Low Risk,0
860,Sales,Engineer,33300.0,0.07940561916563445,Low Risk,0
861,Engineering,Manager,20000.0,0.3647603869141912,Medium Risk,0
862,Sales,Director,20000.0,0.26052244811677006,Low Risk,0
863,Engineering,Engineer,20000.0,0.17761739381363778,Low Risk,0
864,Sales,Analyst,20000.0,0.2553394433352329,Low Risk,0
865,R&D,Director,20100.0,0.3177707074641986,Medium Risk,0
866,Marketing,HR Manager,20000.0,0.49473173937071524,Medium Risk,0
867,HR,HR Manager,31900.0,0.03341627158791439,Low Risk,0
868,Engineering,Director,24000.0,0.05461861763885775,Low Risk,0
869,Operations,Manager,20000.0,0.4360260198596881,Medium Risk,0
870,R&D,Research Scientist,20000.0,0.224433232344026,Low Risk,0
871,Sales,Manager,20000.0,0.26922526450499845,Low Risk,0
872,Engineering,HR Manager,20000.0,0.7065624735352496,High Risk,1
873,R&D,HR Manager,20900.0,0.0633841784910326,Low Risk,0
874,Operations,Research Scientist,20000.0,0.1613881023548349,Low Risk,0
875,R&D,Director,20700.0,0.0551200301595214,Low Risk,0
876,Sales,Manager,20000.0,0.44409313578266646,Medium Risk,0
877,Engineering,Analyst,20000.0,0.2702766598863775,Low Risk,0
878,R&D,Engineer,20000.0,0.23378486265168585,Low Risk,1
879,HR,Manager,51100.0,0.08312342593138357,Low Risk,0
880,Engineering,Sales Executive,20000.0,0.07209757705241308,Low Risk,0
881,Engineering,HR Manager,20000.0,0.2045347930158785,Low Risk,0
882,R&D,Research Scientist,20000.0,0.33932176754522464,Medium Risk,0
883,HR,HR Manager,20000.0,0.5361980965346633,Medium Risk,1
884,Finance,Analyst,20000.0,0.24349485781610944,Low Risk,0
885,R&D,Research Scientist,20000.0,0.3495729484315001,Medium Risk,0
886,Finance,Engineer,20000.0,0.49982860848399563,Medium Risk,0
887,Sales,Sales Executive,20000.0,0.3020005138046533,Medium Risk,0
888,R&D,Analyst,20000.0,0.44634183457796583,Medium Risk,0
889,Operations,HR Manager,20000.0,0.48161903926378036,Medium Risk,0
890,Marketing,Sales Executive,20000.0,0.5620705242267592,Medium Risk,0
891,Sales,Manager,20000.0,0.696901009462257,High Risk,1
892,Engineering,Director,20000.0,0.21939185914767542,Low Risk,0
893,HR,Director,20000.0,0.6975129650707417,High Risk,1
894,HR,Analyst,20000.0,0.04849004712314466,Low Risk,0
895,Engineering,Manager,20000.0,0.44055139371082513,Medium Risk,0
896,HR,Research Scientist,20000.0,0.03007146890167335,Low Risk,0
897,Engineering,Analyst,20000.0,0.24143890572434829,Low Risk,0
898,R&D,Sales Executive,20000.0,0.04218359049225148,Low Risk,0
899,Engineering,Sales Executive,20000.0,0.0081611833674623,Low Risk,0
900,Finance,HR Manager,20000.0,0.3772590738135466,Medium Risk,0
901,Finance,Analyst,20000.0,0.6992764931622386,High Risk,1
902,R&D,Analyst,20000.0,0.14219354616042174,Low Risk,0
903,HR,Analyst,28000.0,0.050105317277581676,Low Risk,0
904,Sales,Engineer,21000.0,0.010716061524460056,Low Risk,0
905,Sales,HR Manager,20000.0,0.8118599668762727,High Risk,1
906,R&D,Engineer,23100.0,0.04306573215204432,Low Risk,0
907,Sales,Manager,20000.0,0.24898219680744407,Low Risk,0
908,R&D,Research Scientist,23100.0,0.0401679274760123,Low Risk,0
909,Sales,HR Manager,20000.0,0.3580808953011724,Medium Risk,0
910,Sales,Sales Executive,20000.0,0.11864128500253596,Low Risk,0
911,R&D,HR Manager,20000.0,0.2089630123789492,Low Risk,0
912,Operations,Sales Executive,20000.0,0.1485483449903533,Low Risk,0
913,Engineering,Research Scientist,20000.0,0.3317794247218754,Medium Risk,0
914,Operations,Engineer,20000.0,0.7237313537317455,High Risk,0
915,Engineering,Manager,20000.0,0.16722922462577164,Low Risk,0
916,R&D,Manager,20000.0,0.45113946816600703,Medium Risk,0
917,Engineering,HR Manager,20000.0,0.6676462791939595,High Risk,1
918,HR,Analyst,20000.0,0.41273127465327036,Medium Risk,0
919,Finance,Director,20000.0,0.2683302023399052,Low Risk,0
920,Sales,Director,20000.0,0.511730101333942,Medium Risk,0
921,R&D,Analyst,20000.0,0.07374861456486127,Low Risk,0
922,Marketing,Engineer,28300.0,0.031988613062023205,Low Risk,0
923,Marketing,HR Manager,20000.0,0.6581187600393053,High Risk,0
924,HR,Manager,20000.0,0.08852253347710622,Low Risk,0
925,Finance,Sales Executive,20000.0,0.09209324616209033,Low Risk,0
926,Sales,Manager,20000.0,0.5924324569329978,Medium Risk,0
927,R&D,Manager,20000.0,0.620739986639974,High Risk,1
928,R&D,Director,20000.0,0.7750201608499361,High Risk,1
929,R&D,Director,20000.0,0.6949613835936025,High Risk,1
930,Marketing,Analyst,20000.0,0.4072846718138265,Medium Risk,0
931,Sales,Analyst,21800.0,0.04965333960328918,Low Risk,0
932,Engineering,Analyst,38200.0,0.03487687446493049,Low Risk,0
933,HR,Engineer,20000.0,0.28112617940097073,Low Risk,0
934,R&D,Director,20000.0,0.2453557913321141,Low Risk,0
935,Operations,HR Manager,20500.0,0.05804635464882144,Low Risk,0
936,Finance,HR Manager,20000.0,0.1280450876843528,Low Risk,0
937,R&D,Research Scientist,20000.0,0.6526476988598973,High Risk,1
938,Engineering,Director,20000.0,0.3116902160788777,Medium Risk,1
939,Marketing,Director,20000.0,0.0818582712719602,Low Risk,0
940,R&D,Sales Executive,20000.0,0.4332678429989636,Medium Risk,0
941,Sales,Manager,20000.0,0.37604681376383425,Medium Risk,0
942,R&D,Engineer,20000.0,0.7407003771000561,High Risk,1
943,R&D,Engineer,20000.0,0.34202691483558667,Medium Risk,0
944,R&D,Director,20000.0,0.819145023702037,High Risk,1
945,R&D,HR Manager,20200.0,0.45981989338765644,Medium Risk,0
946,Finance,Sales Executive,20000.0,0.22259764776288876,Low Risk,0
947,Finance,HR Manager,20000.0,0.15742037090827998,Low Risk,0
948,Engineering,HR Manager,20000.0,0.3676941344264897,Medium Risk,0
949,Engineering,Sales Executive,20000.0,0.103835466544067,Low Risk,0
950,Engineering,Research Scientist,21500.0,0.04214186378984289,Low Risk,0
951,R&D,Sales Executive,26300.0,0.056221716238743384,Low Risk,0
952,HR,Engineer,20000.0,0.16703009336457922,Low Risk,0
953,Operations,HR Manager,20000.0,0.09426337095022264,Low Risk,0
954,Legal,Manager,20000.0,0.5099590456448398,Medium Risk,0
955,HR,Research Scientist,20000.0,0.22092828297969813,Low Risk,0
956,HR,Research Scientist,24000.0,0.06366756493109062,Low Risk,0
957,Sales,Sales Executive,20000.0,0.5284561189298479,Medium Risk,1
958,Sales,Research Scientist,20000.0,0.3237683616052351,Medium Risk,0
959,Marketing,HR Manager,20000.0,0.2661814499342428,Low Risk,0
960,Sales,Director,20000.0,0.5217204099356659,Medium Risk,0
961,R&D,Research Scientist,22600.0,0.03243653620483724,Low Risk,0
962,R&D,Director,20000.0,0.32023001272806906,Medium Risk,0
963,Marketing,Research Scientist,20000.0,0.21196230126075655,Low Risk,0
964,Sales,HR Manager,20000.0,0.47560970229225163,Medium Risk,0
965,HR,Engineer,20000.0,0.2198173784969415,Low Risk,0
966,R&D,Research Scientist,20000.0,0.21224179370428886,Low Risk,0
967,Sales,Manager,20000.0,0.34065179328884737,Medium Risk,0
968,Sales,Manager,25000.0,0.008615550628520303,Low Risk,0
969,Engineering,Analyst,28900.0,0.07268513119728606,Low Risk,0
970,Sales,Analyst,20000.0,0.33478415056639277,Medium Risk,0
971,Engineering,Manager,25000.0,0.025465792973401177,Low Risk,0
972,Marketing,Research Scientist,20000.0,0.6563374426402675,High Risk,1
973,Operations,Analyst,20000.0,0.109760969243482,Low Risk,0
974,Engineering,Director,21000.0,0.034056554767019076,Low Risk,0
975,Finance,Engineer,20000.0,0.7187021962177143,High Risk,1
976,R&D,Sales Executive,20000.0,0.04050699152077671,Low Risk,0
977,Sales,Director,20000.0,0.5313144273873786,Medium Risk,1
978,Sales,Director,20000.0,0.3170150358456411,Medium Risk,0
979,Engineering,Research Scientist,20000.0,0.7433733041931271,High Risk,1
980,Engineering,Engineer,20000.0,0.07955918937163507,Low Risk,0
981,R&D,Manager,23000.0,0.06793936073658896,Low Risk,0
982,R&D,Research Scientist,20000.0,0.22443843885801543,Low Risk,0
983,R&D,Engineer,25500.0,0.044819471128809886,Low Risk,0
984,Operations,Analyst,20000.0,0.2841047632194109,Low Risk,0
985,R&D,Sales Executive,20000.0,0.283680072014266,Low Risk,0
986,Engineering,Sales Executive,27600.0,0.029023611031740365,Low Risk,0
987,R&D,Engineer,20000.0,0.30174925124428864,Medium Risk,0
988,R&D,Director,20000.0,0.21675142587031118,Low Risk,0
989,Engineering,Analyst,20000.0,0.061418638723974475,Low Risk,0
990,R&D,Engineer,20000.0,0.5737398819081078,Medium Risk,1
991,Operations,Director,25300.0,0.07214465433173292,Low Risk,0
992,R&D,HR Manager,20000.0,0.49552318432748776,Medium Risk,0
993,R&D,Engineer,20000.0,0.23121497486064954,Low Risk,0
994,Operations,Sales Executive,26600.0,0.05274859722755296,Low Risk,0
995,Sales,Director,37400.0,0.03341114509840872,Low Risk,0
996,Sales,Research Scientist,20000.0,0.017599154145945362,Low Risk,0
997,Engineering,Research Scientist,20000.0,0.22126280203629003,Low Risk,0
998,Engineering,Director,20000.0,0.2140380884547147,Low Risk,0
999,Engineering,Research Scientist,20000.0,0.09528623288964931,Low Risk,0
1000,HR,Manager,20000.0,0.23676064144587244,Low Risk,0
1001,HR,HR Manager,20000.0,0.30008575741518123,Medium Risk,0
1002,HR,Analyst,20000.0,0.6137338830190219,High Risk,1
1003,Marketing,Sales Executive,20000.0,0.1554289465231382,Low Risk,0
1004,R&D,Sales Executive,20000.0,0.2162515864352186,Low Risk,0
1005,HR,Engineer,20000.0,0.13656203487501226,Low Risk,0
1006,Marketing,HR Manager,20000.0,0.16544099581492833,Low Risk,0
1007,R&D,Manager,20000.0,0.12336540859882308,Low Risk,0
1008,Marketing,HR Manager,20000.0,0.2387568055354683,Low Risk,0
1009,Sales,Sales Executive,22600.0,0.027588726779801297,Low Risk,0
1010,Legal,HR Manager,28900.0,0.06989763479595226,Low Risk,0
1011,R&D,Research Scientist,20000.0,0.43054102510401365,Medium Risk,0
1012,R&D,Director,20000.0,0.1739334790590647,Low Risk,0
1013,Sales,Analyst,20000.0,0.2809133707345897,Low Risk,0
1014,R&D,Research Scientist,20000.0,0.753293249210397,High Risk,1
1015,R&D,Director,20000.0,0.2027821240366485,Low Risk,0
1016,HR,Analyst,37300.0,0.05383039400088095,Low Risk,0
1017,Operations,Sales Executive,20000.0,0.24824944628940304,Low Risk,0
1018,Sales,Director,20000.0,0.24630979960768426,Low Risk,0
1019,R&D,HR Manager,21500.0,0.13477769190694555,Low Risk,0
1020,Legal,Manager,20000.0,0.08553573795036097,Low Risk,0
1021,R&D,Manager,20000.0,0.08295845459174654,Low Risk,0
1022,Finance,HR Manager,20000.0,0.4031697907453463,Medium Risk,0
1023,R&D,Engineer,20000.0,0.06559831364827465,Low Risk,0
1024,Sales,Research Scientist,20000.0,0.27004466230223917,Low Risk,0
1025,Sales,Engineer,20000.0,0.26067208497528754,Low Risk,0
1026,Engineering,Director,25800.0,0.04134744602963341,Low Risk,0
1027,Engineering,Manager,20000.0,0.05378827055742606,Low Risk,0
1028,Finance,Director,25800.0,0.008434648952860165,Low Risk,0
1029,Marketing,Sales Executive,20000.0,0.6178498362398607,High Risk,1
1030,HR,Research Scientist,20000.0,0.3388248752583805,Medium Risk,0
1031,Sales,Analyst,20000.0,0.07973587109907766,Low Risk,0
1032,Engineering,Research Scientist,20000.0,0.0616994515844367,Low Risk,0
1033,Sales,Director,20000.0,0.34877278498294473,Medium Risk,0
1034,R&D,HR Manager,20000.0,0.1897830419116716,Low Risk,0
1035,Sales,Analyst,20000.0,0.22339648037637405,Low Risk,0
1036,Engineering,Analyst,28400.0,0.03410609455706013,Low Risk,0
1037,R&D,Research Scientist,20000.0,0.6726049408957857,High Risk,1
1038,R&D,Engineer,20000.0,0.13412462488071303,Low Risk,0
1039,R&D,Research Scientist,25200.0,0.030391870833619147,Low Risk,0
1040,Engineering,Sales Executive,20000.0,0.4511331469640104,Medium Risk,0
1041,R&D,HR Manager,20000.0,0.1647277194278907,Low Risk,0
1042,Engineering,Director,32200.0,0.06669592122740317,Low Risk,0
1043,R&D,Director,20000.0,0.5403051740606999,Medium Risk,1
1044,Sales,Research Scientist,20000.0,0.15025078727713462,Low Risk,0
1045,Finance,HR Manager,20000.0,0.3077577336693984,Medium Risk,0
1046,Engineering,Director,20000.0,0.445249299707878,Medium Risk,0
1047,R&D,HR Manager,20000.0,0.4406278566480345,Medium Risk,0
1048,Marketing,Sales Executive,20000.0,0.23090337773883274,Low Risk,0
1049,Engineering,Sales Executive,20000.0,0.050940623235532154,Low Risk,0
1050,Engineering,HR Manager,20000.0,0.5309200017164105,Medium Risk,0
1051,R&D,HR Manager,20000.0,0.25857400353961824,Low Risk,0
1052,HR,Manager,20000.0,0.04589487817582214,Low Risk,0
1053,Engineering,HR Manager,20000.0,0.13735763853736016,Low Risk,0
1054,Sales,Research Scientist,20000.0,0.08217488599020584,Low Risk,0
1055,R&D,Manager,20000.0,0.15527151106734885,Low Risk,0
1056,R&D,Director,20000.0,0.10263315397417601,Low Risk,0
1057,Sales,Engineer,20000.0,0.18272011053572762,Low Risk,0
1058,Marketing,Sales Executive,20000.0,0.6550374808510879,High Risk,1
1059,Engineering,Engineer,20000.0,0.06659221546940369,Low Risk,0
1060,Sales,Manager,20000.0,0.4773874866747827,Medium Risk,1
1061,Sales,Analyst,20000.0,0.5154465792873212,Medium Risk,0
1062,HR,Engineer,20000.0,0.14774301598536158,Low Risk,0
1063,Sales,HR Manager,20000.0,0.6845261229288684,High Risk,1
1064,Engineering,Research Scientist,20000.0,0.15935385912746836,Low Risk,0
1065,R&D,Analyst,21400.0,0.05719370440847964,Low Risk,0
1066,R&D,Director,20000.0,0.5617418068362824,Medium Risk,1
1067,Sales,Research Scientist,20000.0,0.2410428048272382,Low Risk,0
1068,Engineering,Engineer,35000.0,0.031685517268384436,Low Risk,0
1069,Sales,Director,20000.0,0.671743157873186,High Risk,0
1070,Engineering,Manager,20000.0,0.3446660216600753,Medium Risk,0
1071,Engineering,Analyst,20000.0,0.2795576415504635,Low Risk,0
1072,R&D,HR Manager,20100.0,0.45759331117835317,Medium Risk,0
1073,Finance,Analyst,20000.0,0.3175717363285041,Medium Risk,0
1074,Engineering,Sales Executive,20400.0,0.06289557511947196,Low Risk,0
1075,Engineering,Sales Executive,20000.0,0.14315844045476225,Low Risk,0
1076,Sales,Sales Executive,20000.0,0.3800530166422343,Medium Risk,0
1077,Sales,Analyst,20000.0,0.09924106555549875,Low Risk,0
1078,Engineering,Sales Executive,30500.0,0.02739058843642815,Low Risk,0
1079,Marketing,Sales Executive,20000.0,0.3531567759789639,Medium Risk,0
1080,R&D,Analyst,20000.0,0.6155553179092261,High Risk,1
1081,R&D,HR Manager,28600.0,0.029497001427058012,Low Risk,0
1082,Finance,HR Manager,20000.0,0.19758316334869477,Low Risk,0
1083,Operations,Engineer,20000.0,0.6232399910643788,High Risk,1
1084,R&D,Director,24900.0,0.04730175565028784,Low Risk,0
1085,Finance,Director,20000.0,0.10638783531923605,Low Risk,0
1086,R&D,Manager,20000.0,0.6461930683039178,High Risk,1
1087,Marketing,Manager,20000.0,0.24220934475720365,Low Risk,0
1088,Legal,Director,20000.0,0.04588650657902109,Low Risk,0
1089,HR,HR Manager,20000.0,0.6866046899910708,High Risk,1
1090,Engineering,HR Manager,33700.0,0.059563809455535396,Low Risk,0
1091,HR,Sales Executive,20000.0,0.09030641791596236,Low Risk,0
1092,Marketing,Sales Executive,20000.0,0.24645301309921888,Low Risk,0
1093,Finance,Manager,20000.0,0.11166441212956156,Low Risk,0
1094,Finance,Research Scientist,20000.0,0.43632182197406555,Medium Risk,0
1095,Finance,Manager,28600.0,0.045503750972958355,Low Risk,0
1096,Engineering,Sales Executive,20000.0,0.20121734001305394,Low Risk,0
1097,Engineering,Engineer,20000.0,0.48175565634693973,Medium Risk,0
1098,Marketing,Director,20000.0,0.4680617437917151,Medium Risk,1
1099,Engineering,Sales Executive,20000.0,0.14052320577082517,Low Risk,0
1100,R&D,Sales Executive,20000.0,0.49207045577492947,Medium Risk,1
1101,Operations,Engineer,20000.0,0.297110829991555,Low Risk,0
1102,R&D,Sales Executive,20000.0,0.5196889407309611,Medium Risk,1
1103,Engineering,Director,20000.0,0.25307908294283304,Low Risk,0
1104,Engineering,HR Manager,20000.0,0.6424542684391379,High Risk,0
1105,Finance,Research Scientist,32400.0,0.015662591156147338,Low Risk,0
1106,Finance,Sales Executive,20000.0,0.11756256016773899,Low Risk,0
1107,Engineering,Director,20000.0,0.3066645653913735,Medium Risk,0
1108,R&D,Engineer,45500.0,0.040665079438163915,Low Risk,0
1109,Operations,Director,20000.0,0.1583224294371865,Low Risk,0
1110,Engineering,Analyst,20000.0,0.7666793290937091,High Risk,1
1111,Finance,Sales Executive,22600.0,0.07236621091587984,Low Risk,0
1112,R&D,Research Scientist,20000.0,0.7052603167344448,High Risk,1
1113,Finance,Director,20000.0,0.1635838404219096,Low Risk,0
1114,Sales,Engineer,20000.0,0.7370335765204564,High Risk,1
1115,R&D,Sales Executive,20000.0,0.19996945809071515,Low Risk,0
1116,R&D,Research Scientist,20000.0,0.41926780824527354,Medium Risk,0
1117,Engineering,Manager,20000.0,0.306791597351603,Medium Risk,0
1118,Sales,Director,20000.0,0.2694789475733754,Low Risk,0
1119,Sales,HR Manager,20000.0,0.4166582161463528,Medium Risk,0
1120,Engineering,HR Manager,20000.0,0.7554959902534745,High Risk,1
1121,R&D,Analyst,20000.0,0.7010633773147131,High Risk,1
1122,Sales,Analyst,20000.0,0.3323302811658317,Medium Risk,0
1123,Finance,Engineer,20000.0,0.2524684746135395,Low Risk,0
1124,R&D,Manager,20000.0,0.7791074974684956,High Risk,1
1125,R&D,Director,20000.0,0.08382770340954616,Low Risk,0
1126,R&D,Research Scientist,20000.0,0.7547839833206451,High Risk,1
1127,R&D,Sales Executive,20000.0,0.05710248254084676,Low Risk,0
1128,Engineering,Research Scientist,29600.0,0.012136169589440818,Low Risk,0
1129,Engineering,Director,20000.0,0.06745715739504639,Low Risk,0
1130,R&D,Research Scientist,20000.0,0.27388670659836795,Low Risk,0
1131,Engineering,Director,20000.0,0.4101435661110306,Medium Risk,0
1132,Finance,Analyst,20000.0,0.4233520647603398,Medium Risk,0
1133,R&D,Engineer,20000.0,0.20935919434347164,Low Risk,0
1134,Finance,Director,20000.0,0.7715176337628836,High Risk,1
1135,Sales,Engineer,20000.0,0.5124076115894544,Medium Risk,0
1136,Marketing,HR Manager,20400.0,0.6492556744298068,High Risk,1
1137,Sales,Engineer,20000.0,0.6127778472017852,High Risk,0
1138,Sales,Engineer,22400.0,0.04932929118290015,Low Risk,0
1139,R&D,Manager,20000.0,0.25064658202182455,Low Risk,0
1140,R&D,Engineer,20000.0,0.38492791102634416,Medium Risk,0
1141,Sales,Engineer,20000.0,0.18613710863450014,Low Risk,0
1142,Engineering,Director,20000.0,0.08985686766567523,Low Risk,0
1143,Sales,Analyst,25100.0,0.07991236063707785,Low Risk,0
1144,Finance,Sales Executive,20000.0,0.6049174972243647,High Risk,1
1145,Sales,Sales Executive,20000.0,0.2156789550934995,Low Risk,0
1146,Marketing,Research Scientist,20000.0,0.3454920151813537,Medium Risk,0
1147,R&D,Research Scientist,20000.0,0.5676967771672196,Medium Risk,1
1148,Sales,Director,20000.0,0.32470604347723403,Medium Risk,0
1149,Operations,Sales Executive,26700.0,0.014966333632468333,Low Risk,0
1150,R&D,Manager,20000.0,0.785096149651567,High Risk,1
1151,R&D,Manager,20000.0,0.4400820594049538,Medium Risk,0
1152,Sales,Director,20000.0,0.12314132870100206,Low Risk,0
1153,Engineering,Manager,20000.0,0.701260086830969,High Risk,1
1154,Engineering,Analyst,20000.0,0.7171169314322958,High Risk,1
1155,Finance,Director,20000.0,0.5947963607098251,Medium Risk,1
1156,Finance,Analyst,26900.0,0.048690353854213934,Low Risk,0
1157,Sales,Sales Executive,20000.0,0.05231095744634458,Low Risk,0
1158,Sales,Analyst,20000.0,0.09324472951945842,Low Risk,0
1159,R&D,Research Scientist,20000.0,0.3800000512293753,Medium Risk,0
1160,Sales,HR Manager,20000.0,0.4649779216777871,Medium Risk,0
1161,Marketing,Analyst,20000.0,0.38370394512540945,Medium Risk,0
1162,Engineering,Analyst,20000.0,0.08518051479784036,Low Risk,0
1163,Engineering,Research Scientist,54400.0,0.06403462657374975,Low Risk,0
1164,HR,Director,25600.0,0.026696435948579875,Low Risk,0
1165,R&D,Director,20000.0,0.3516718436320755,Medium Risk,0
1166,Sales,Analyst,20600.0,0.006238490580839302,Low Risk,0
1167,Sales,Engineer,25000.0,0.028283612870441645,Low Risk,0
1168,Sales,Manager,20000.0,0.26361771585277594,Low Risk,0
1169,Operations,Analyst,26100.0,0.05277059876093262,Low Risk,0
1170,HR,Manager,20000.0,0.23732187740832064,Low Risk,1
1171,Sales,Research Scientist,20000.0,0.3632714536434628,Medium Risk,0
1172,Sales,Engineer,20000.0,0.31717779407571833,Medium Risk,0
1173,R&D,Research Scientist,33800.0,0.03518464010834085,Low Risk,0
1174,Engineering,Analyst,20000.0,0.28236185912357775,Low Risk,0
1175,R&D,Analyst,20000.0,0.105397486731405,Low Risk,0
1176,Sales,Manager,22300.0,0.08005174013734205,Low Risk,0
1177,Sales,Research Scientist,20000.0,0.14564617682084066,Low Risk,0
1178,Engineering,Sales Executive,20000.0,0.2931703123115775,Low Risk,0
1179,Engineering,HR Manager,40200.0,0.03403943837510212,Low Risk,0
1180,Finance,Director,20000.0,0.023653225901576116,Low Risk,0
1181,Engineering,Engineer,20000.0,0.2914100162428132,Low Risk,0
1182,Engineering,HR Manager,28400.0,0.039652395924752365,Low Risk,0
1183,Finance,Manager,20000.0,0.8065460513363415,High Risk,1
1184,Sales,Sales Executive,20000.0,0.7800813747154848,High Risk,1
1185,R&D,Director,20000.0,0.20591448126298306,Low Risk,0
1186,R&D,HR Manager,20000.0,0.21446882228827505,Low Risk,0
1187,Sales,Director,20000.0,0.14150410312497072,Low Risk,0
1188,R&D,Analyst,20000.0,0.17577526773805832,Low Risk,0
1189,R&D,Research Scientist,20000.0,0.3484693817353689,Medium Risk,0
1190,Engineering,Engineer,20000.0,0.3130438404495149,Medium Risk,0
1191,R&D,Research Scientist,20000.0,0.3626815607797081,Medium Risk,0
1192,R&D,Research Scientist,20000.0,0.6630043208659535,High Risk,1
1193,HR,Analyst,26900.0,0.04588366624200338,Low Risk,0
1194,HR,Manager,29700.0,0.04123161488917087,Low Risk,0
1195,R&D,Sales Executive,32500.0,0.009806193476633678,Low Risk,0
1196,Finance,Research Scientist,20000.0,0.19880158550181798,Low Risk,0
1197,Marketing,Sales Executive,20000.0,0.34593571895567704,Medium Risk,0
1198,Finance,Manager,20000.0,0.8226832072000917,High Risk,1
1199,R&D,Engineer,21200.0,0.09476541321583438,Low Risk,0
1200,R&D,Manager,20000.0,0.3136528224202408,Medium Risk,0
1201,Sales,Director,20000.0,0.7763061364263728,High Risk,1
1202,HR,Director,20000.0,0.15974605090094485,Low Risk,0
1203,Finance,Research Scientist,24300.0,0.058566338432064644,Low Risk,0
1204,Marketing,Analyst,20000.0,0.07734580505639857,Low Risk,0
1205,HR,Manager,20000.0,0.21621328235244788,Low Risk,0
1206,Engineering,Director,27900.0,0.02321702863898385,Low Risk,0
1207,R&D,Director,52000.0,0.02384560645294856,Low Risk,0
1208,Finance,HR Manager,20000.0,0.16262818496177456,Low Risk,0
1209,Marketing,Analyst,20000.0,0.4232478567775637,Medium Risk,0
1210,R&D,Manager,22800.0,0.06368466505185733,Low Risk,0
1211,Finance,Engineer,20000.0,0.3471458879585111,Medium Risk,0
1212,HR,Engineer,20000.0,0.2761170289034691,Low Risk,0
1213,Sales,Engineer,20000.0,0.6404622381487615,High Risk,1
1214,R&D,Engineer,20000.0,0.2804439139635088,Low Risk,0
1215,Sales,Sales Executive,20000.0,0.3769775783329403,Medium Risk,0
1216,HR,Engineer,20000.0,0.05548215520320856,Low Risk,0
1217,R&D,Analyst,20000.0,0.23436780194682594,Low Risk,0
1218,R&D,Director,20000.0,0.3100865857906282,Medium Risk,0
1219,R&D,Research Scientist,20000.0,0.046257093082221326,Low Risk,0
1220,Engineering,Research Scientist,20000.0,0.3958270133801489,Medium Risk,1
1221,Sales,Manager,20000.0,0.06994145583098926,Low Risk,0
1222,Sales,Research Scientist,20000.0,0.3135203772577016,Medium Risk,0
1223,Sales,Sales Executive,20000.0,0.2118002918506689,Low Risk,0
1224,R&D,Analyst,21200.0,0.04063939270891038,Low Risk,0
1225,HR,Analyst,21000.0,0.03694334901566763,Low Risk,0
1226,Finance,Research Scientist,20000.0,0.32181667043668044,Medium Risk,0
1227,Engineering,HR Manager,20000.0,0.21350386435112273,Low Risk,0
1228,Sales,Director,20000.0,0.2029695285298591,Low Risk,0
1229,Sales,Research Scientist,20000.0,0.08236382621674083,Low Risk,0
1230,R&D,HR Manager,20000.0,0.0971447595234907,Low Risk,0
1231,Operations,Analyst,20000.0,0.16716720273259078,Low Risk,0
1232,HR,Analyst,20000.0,0.23756981865982818,Low Risk,0
1233,Finance,Manager,20000.0,0.4421970348562535,Medium Risk,0
1234,Engineering,Director,20000.0,0.232628804274336,Low Risk,0
1235,Finance,Engineer,21600.0,0.07134637736551362,Low Risk,0
1236,Marketing,Research Scientist,20000.0,0.19609297477704202,Low Risk,0
1237,Marketing,Analyst,21200.0,0.0910030554829156,Low Risk,0
1238,Engineering,Research Scientist,20000.0,0.5181440199912712,Medium Risk,0
1239,Sales,Research Scientist,30600.0,0.027819801465936864,Low Risk,0
1240,R&D,HR Manager,20000.0,0.40079051380796715,Medium Risk,0
1241,Sales,Analyst,20000.0,0.1789952645763886,Low Risk,0
1242,R&D,Engineer,20000.0,0.4535021060912797,Medium Risk,0
1243,R&D,Director,20000.0,0.4496439735529655,Medium Risk,0
1244,HR,Sales Executive,20000.0,0.15323012056120336,Low Risk,0
1245,R&D,Sales Executive,21900.0,0.037248895605415916,Low Risk,0
1246,R&D,Research Scientist,20000.0,0.34920492033952194,Medium Risk,0
1247,HR,Research Scientist,20000.0,0.41399288504376663,Medium Risk,0
1248,HR,Analyst,20000.0,0.09970565917668013,Low Risk,0
1249,R&D,Analyst,21800.0,0.03734585838240623,Low Risk,0
1250,Operations,HR Manager,20000.0,0.179838965785343,Low Risk,0
1251,Engineering,HR Manager,20000.0,0.25110228798207895,Low Risk,0
1252,Engineering,Manager,20000.0,0.39779683379513664,Medium Risk,0
1253,HR,Director,20000.0,0.8372691772573324,High Risk,1
1254,Finance,Analyst,20000.0,0.43788719349630684,Medium Risk,0
1255,Finance,Director,20000.0,0.144817942045263,Low Risk,0
1256,R&D,Sales Executive,20000.0,0.33863792785356445,Medium Risk,0
1257,Finance,Sales Executive,24900.0,0.030764550771383535,Low Risk,0
1258,Engineering,Analyst,20000.0,0.20528742367489872,Low Risk,0
1259,Finance,Research Scientist,20000.0,0.4735787038217075,Medium Risk,0
1260,Sales,Sales Executive,41300.0,0.042153908016588144,Low Risk,0
1261,Marketing,HR Manager,23500.0,0.03762575302629087,Low Risk,0
1262,Sales,Analyst,20000.0,0.3737411044678792,Medium Risk,1
1263,HR,Analyst,20000.0,0.7093870520567943,High Risk,1
1264,Engineering,Engineer,20000.0,0.38603616168531835,Medium Risk,0
1265,Sales,Analyst,24900.0,0.06025491401068143,Low Risk,0
1266,R&D,Engineer,20000.0,0.2586442112269014,Low Risk,0
1267,Engineering,Director,20000.0,0.2976050048343744,Low Risk,0
1268,Finance,Sales Executive,20000.0,0.25241645700025567,Low Risk,0
1269,Engineering,Manager,20000.0,0.29171163773456793,Low Risk,0
1270,HR,Engineer,20000.0,0.4577598519311158,Medium Risk,0
1271,Engineering,Director,20000.0,0.20320875625172222,Low Risk,0
1272,R&D,Analyst,20000.0,0.20142893506618706,Low Risk,0
1273,R&D,Sales Executive,20000.0,0.14742569169514702,Low Risk,0
1274,Sales,Sales Executive,20000.0,0.5130343142850862,Medium Risk,0
1275,R&D,Research Scientist,20000.0,0.4868612108706333,Medium Risk,0
1276,Finance,Analyst,28500.0,0.024549997276868754,Low Risk,0
1277,Sales,Sales Executive,20000.0,0.6354653464325932,High Risk,1
1278,Marketing,Director,20000.0,0.09691851021142066,Low Risk,0
1279,Sales,Research Scientist,37600.0,0.08637307346839602,Low Risk,0
1280,Legal,Research Scientist,20000.0,0.4047442139949354,Medium Risk,0
1281,Engineering,Manager,24000.0,0.025684021954268527,Low Risk,0
1282,R&D,Research Scientist,20000.0,0.2862556290465192,Low Risk,0
1283,Sales,Engineer,20000.0,0.3004469821221846,Medium Risk,0
1284,Sales,Engineer,20000.0,0.6606673448973381,High Risk,1
1285,Engineering,Analyst,20000.0,0.1711768903561456,Low Risk,0
1286,HR,Manager,20000.0,0.7753686074788061,High Risk,1
1287,R&D,Analyst,20000.0,0.5815117978707088,Medium Risk,1
1288,Legal,Manager,33800.0,0.03457666112648575,Low Risk,0
1289,R&D,Director,27900.0,0.08820271201577545,Low Risk,0
1290,Sales,Director,20000.0,0.6245708437036654,High Risk,1
1291,R&D,Sales Executive,20000.0,0.06857908599775028,Low Risk,0
1292,R&D,Manager,20000.0,0.2430843944210201,Low Risk,0
1293,Finance,HR Manager,20000.0,0.13596083785122087,Low Risk,0
1294,HR,Sales Executive,20000.0,0.06281990041496063,Low Risk,0
1295,R&D,Research Scientist,22500.0,0.06452140005386826,Low Risk,0
1296,Sales,Analyst,25900.0,0.08361471913911918,Low Risk,0
1297,Engineering,HR Manager,20000.0,0.4695577310958854,Medium Risk,1
1298,Sales,Engineer,20000.0,0.6672811778693329,High Risk,1
1299,Engineering,Analyst,20000.0,0.7811379376005776,High Risk,1
1300,Legal,Manager,20000.0,0.5898578361275105,Medium Risk,1
1301,Legal,Engineer,20000.0,0.2886147447452019,Low Risk,0
1302,Marketing,Research Scientist,28300.0,0.031799773693754814,Low Risk,0
1303,R&D,Engineer,33500.0,0.01341855156111635,Low Risk,0
1304,Finance,Engineer,29400.0,0.051431966893409724,Low Risk,0
1305,R&D,Analyst,20000.0,0.6726162716530029,High Risk,0
1306,Sales,Research Scientist,20000.0,0.2270912172093947,Low Risk,0
1307,Sales,HR Manager,20000.0,0.14541119063954414,Low Risk,0
1308,R&D,Research Scientist,21000.0,0.06374127387298459,Low Risk,0
1309,R&D,Sales Executive,20000.0,0.3456689748798392,Medium Risk,0
1310,R&D,Director,20000.0,0.02805547219474246,Low Risk,0
1311,HR,Director,20000.0,0.18447208417741592,Low Risk,0
1312,R&D,Manager,20000.0,0.1155989932377804,Low Risk,0
1313,Engineering,Sales Executive,20000.0,0.06946723005920542,Low Risk,0
1314,Marketing,Director,20400.0,0.09147990684759616,Low Risk,0
1315,Finance,Sales Executive,20500.0,0.06644005854553582,Low Risk,0
1316,R&D,Analyst,22900.0,0.010338087873172714,Low Risk,0
1317,Engineering,Manager,20000.0,0.1944245764610445,Low Risk,0
1318,Sales,Manager,20000.0,0.17909661927560086,Low Risk,0
1319,Engineering,Analyst,20000.0,0.22768356795650188,Low Risk,0
1320,Engineering,HR Manager,20000.0,0.6511551462604939,High Risk,1
1321,Sales,HR Manager,25800.0,0.08963998252851757,Low Risk,0
1322,R&D,Engineer,25400.0,0.06475744731812146,Low Risk,0
1323,HR,Manager,20000.0,0.46438687773038523,Medium Risk,1
1324,R&D,Engineer,20000.0,0.5706082704009238,Medium Risk,1
1325,Operations,Manager,20000.0,0.5080484319526954,Medium Risk,0
1326,Finance,Sales Executive,25800.0,0.07306088284901308,Low Risk,0
1327,Sales,Research Scientist,20000.0,0.49147479625936746,Medium Risk,0
1328,HR,Director,20000.0,0.36320489801326955,Medium Risk,0
1329,Sales,Manager,20000.0,0.2921627227466282,Low Risk,0
1330,Sales,Sales Executive,46400.0,0.07769712007056279,Low Risk,0
1331,Engineering,Analyst,20000.0,0.6563887341847532,High Risk,1
1332,R&D,HR Manager,20000.0,0.21279287946019784,Low Risk,0
1333,R&D,HR Manager,50700.0,0.004172670710054618,Low Risk,0
1334,R&D,Analyst,20000.0,0.7404871609786854,High Risk,1
1335,Engineering,HR Manager,20000.0,0.393516727048277,Medium Risk,0
1336,Sales,Manager,20000.0,0.5929523767129613,Medium Risk,0
1337,Finance,Director,20000.0,0.12550994977037086,Low Risk,0
1338,Legal,Analyst,21200.0,0.030602228638395883,Low Risk,0
1339,Finance,Manager,20000.0,0.7856291943794804,High Risk,1
1340,R&D,Research Scientist,20000.0,0.14555584566146879,Low Risk,0
1341,Finance,HR Manager,20000.0,0.4698216551829988,Medium Risk,0
1342,R&D,Manager,20000.0,0.2927170051093995,Low Risk,0
1343,Engineering,Engineer,20000.0,0.11584512354411171,Low Risk,0
1344,Engineering,Analyst,20000.0,0.14438762102865738,Low Risk,0
1345,Sales,HR Manager,20000.0,0.7518649755580712,High Risk,1
1346,Finance,Sales Executive,20000.0,0.1883521448237614,Low Risk,0
1347,R&D,Sales Executive,21400.0,0.030382649670726167,Low Risk,0
1348,Engineering,Sales Executive,20000.0,0.39780425581545226,Medium Risk,0
1349,Sales,Research Scientist,20000.0,0.3587883542275609,Medium Risk,0
1350,Sales,Research Scientist,20000.0,0.28066834964162285,Low Risk,0
1351,R&D,Engineer,20500.0,0.05336063395326156,Low Risk,0
1352,R&D,Manager,20000.0,0.35936565528648373,Medium Risk,1
1353,R&D,Research Scientist,39900.0,0.03404271491915133,Low Risk,0
1354,Engineering,Engineer,20000.0,0.28603229089233073,Low Risk,0
1355,Engineering,Sales Executive,20000.0,0.4852435394491053,Medium Risk,0
1356,Engineering,Director,20000.0,0.20997922650427384,Low Risk,0
1357,Finance,Analyst,20000.0,0.11836894629588199,Low Risk,0
1358,R&D,Engineer,20000.0,0.21153559701436941,Low Risk,0
1359,Marketing,Research Scientist,20000.0,0.675517072003628,High Risk,1
1360,Marketing,Engineer,24300.0,0.061692850056030535,Low Risk,0
1361,Marketing,HR Manager,20000.0,0.4767279675700084,Medium Risk,0
1362,HR,Research Scientist,20000.0,0.14902869796689752,Low Risk,0
1363,Engineering,Sales Executive,20000.0,0.30021212038020817,Medium Risk,0
1364,Finance,Analyst,20000.0,0.27050742737644884,Low Risk,0
1365,HR,Engineer,20000.0,0.5390923280346257,Medium Risk,0
1366,Operations,Director,20000.0,0.14246474847029414,Low Risk,0
1367,Sales,Engineer,20000.0,0.5423379659648517,Medium Risk,0
1368,Engineering,Director,20000.0,0.1829647688886122,Low Risk,0
1369,R&D,Engineer,20000.0,0.7881883711433226,High Risk,1
1370,Sales,Sales Executive,21000.0,0.04039687698466434,Low Risk,0
1371,Sales,Engineer,20000.0,0.6619574156920813,High Risk,1
1372,Finance,Engineer,41600.0,0.01096802330904545,Low Risk,0
1373,Sales,Director,20000.0,0.30141646661447413,Medium Risk,0
1374,Engineering,Director,20000.0,0.13097746425640633,Low Risk,0
1375,R&D,Manager,20000.0,0.44885923597654226,Medium Risk,0
1376,Marketing,Sales Executive,20000.0,0.5583974740904207,Medium Risk,1
1377,HR,Research Scientist,29900.0,0.047827054825864,Low Risk,0
1378,R&D,Manager,20000.0,0.6305073784921557,High Risk,1
1379,Sales,Research Scientist,20000.0,0.575060207624245,Medium Risk,1
1380,Operations,Engineer,20000.0,0.30660871267758166,Medium Risk,0
1381,Engineering,HR Manager,24700.0,0.009134156157338272,Low Risk,0
1382,Engineering,Analyst,20000.0,0.24484660732721966,Low Risk,0
1383,R&D,Engineer,23200.0,0.0852214586041427,Low Risk,0
1384,R&D,Research Scientist,20000.0,0.5807131558827742,Medium Risk,0
1385,Finance,Analyst,20000.0,0.6180662699342352,High Risk,1
1386,Marketing,Manager,26700.0,0.04597319533164984,Low Risk,0
1387,Operations,Analyst,20000.0,0.1493583454015297,Low Risk,0
1388,R&D,HR Manager,20000.0,0.10397132266776138,Low Risk,0
1389,R&D,Analyst,20000.0,0.3473065796443901,Medium Risk,0
1390,R&D,Research Scientist,20000.0,0.1699582314744121,Low Risk,0
1391,R&D,Director,22900.0,0.023313698524360202,Low Risk,0
1392,R&D,Manager,20000.0,0.32968160349438996,Medium Risk,0
1393,R&D,Engineer,20000.0,0.2454982538289508,Low Risk,0
1394,R&D,Sales Executive,20000.0,0.16077609227469833,Low Risk,0
1395,Marketing,Director,23100.0,0.05849059004441761,Low Risk,0
1396,Sales,Sales Executive,20000.0,0.7268138819176346,High Risk,1
1397,R&D,Sales Executive,20000.0,0.22983394647490019,Low Risk,0
1398,R&D,Research Scientist,20000.0,0.24507720966983254,Low Risk,0
1399,HR,Research Scientist,20000.0,0.18451933693700762,Low Risk,0
1400,Finance,Manager,20000.0,0.4300338996731214,Medium Risk,0
1401,HR,Research Scientist,20000.0,0.6515459330904534,High Risk,1
1402,Operations,Sales Executive,20000.0,0.30661414653709546,Medium Risk,0
1403,Sales,HR Manager,20000.0,0.39309223447238184,Medium Risk,0
1404,Sales,Research Scientist,23800.0,0.051631284238815106,Low Risk,0
1405,HR,Sales Executive,20000.0,0.12087677244368678,Low Risk,0
1406,R&D,Research Scientist,20100.0,0.11677762539977098,Low Risk,0
1407,R&D,Sales Executive,20000.0,0.661322082629554,High Risk,1
1408,R&D,HR Manager,20000.0,0.1925004106641337,Low Risk,0
1409,Marketing,Sales Executive,20000.0,0.7662320955332201,High Risk,1
1410,Operations,Director,20000.0,0.07746659504539895,Low Risk,0
1411,R&D,Director,20000.0,0.45315786402703234,Medium Risk,0
1412,Sales,Analyst,20000.0,0.22335156719292493,Low Risk,0
1413,R&D,Director,20000.0,0.7030181438523145,High Risk,1
1414,Operations,HR Manager,20000.0,0.38971762193458104,Medium Risk,0
1415,Marketing,Research Scientist,22600.0,0.05092677358380608,Low Risk,0
1416,R&D,Manager,20000.0,0.7187748708488371,High Risk,1
1417,Finance,Analyst,20000.0,0.4731420589830513,Medium Risk,0
1418,Marketing,Analyst,20000.0,0.3614412469270296,Medium Risk,0
1419,Sales,Research Scientist,20000.0,0.8353051628035375,High Risk,1
1420,Finance,Director,20000.0,0.32654532336645437,Medium Risk,0
1421,Sales,Manager,20000.0,0.2845306126253167,Low Risk,0
1422,R&D,HR Manager,20000.0,0.6553319653149476,High Risk,1
1423,Engineering,Analyst,20000.0,0.36574124364436417,Medium Risk,0
1424,R&D,Sales Executive,20000.0,0.042800859626953125,Low Risk,0
1425,R&D,Director,20000.0,0.3395838718586836,Medium Risk,0
1426,Operations,Analyst,20000.0,0.15733482377501465,Low Risk,0
1427,HR,Sales Executive,21800.0,0.04508872616591899,Low Risk,0
1428,Engineering,Analyst,20000.0,0.29244836095841764,Low Risk,0
1429,Finance,Director,20000.0,0.3094049207705671,Medium Risk,0
1430,R&D,Sales Executive,20000.0,0.3360456913057076,Medium Risk,0
1431,Sales,HR Manager,20000.0,0.5058590347834452,Medium Risk,1
1432,Sales,HR Manager,20000.0,0.5450201541433881,Medium Risk,1
1433,Engineering,Research Scientist,20000.0,0.43541698159866615,Medium Risk,0
1434,Finance,Analyst,33500.0,0.02616134166586245,Low Risk,0
1435,Sales,Manager,20000.0,0.2122709181015258,Low Risk,0
1436,R&D,HR Manager,20000.0,0.1000704737283637,Low Risk,0
1437,R&D,Engineer,20000.0,0.2481179245568562,Low Risk,0
1438,Legal,Analyst,27700.0,0.04353506799365304,Low Risk,0
1439,Engineering,Research Scientist,20000.0,0.32431902270116253,Medium Risk,0
1440,R&D,Director,20000.0,0.5262957567297369,Medium Risk,1
1441,Sales,Research Scientist,20000.0,0.1832890511402514,Low Risk,0
1442,HR,Sales Executive,20000.0,0.2829261072381446,Low Risk,0
1443,R&D,Analyst,20000.0,0.8261217031105076,High Risk,1
1444,R&D,Analyst,33700.0,0.024090734750433412,Low Risk,0
1445,Sales,HR Manager,20000.0,0.19915504185150898,Low Risk,0
1446,Sales,Research Scientist,20000.0,0.09395619684834715,Low Risk,0
1447,R&D,Engineer,20000.0,0.16816364919831683,Low Risk,0
1448,Engineering,Sales Executive,20000.0,0.6921008341893569,High Risk,1
1449,R&D,Analyst,20000.0,0.31739484745878227,Medium Risk,0
1450,Finance,Manager,20000.0,0.15290451825224416,Low Risk,0
1451,Marketing,HR Manager,20000.0,0.3516597807730629,Medium Risk,0
1452,R&D,Sales Executive,44200.0,0.04761517020513283,Low Risk,0
1453,HR,Sales Executive,20000.0,0.2839022547215844,Low Risk,0
1454,Sales,Analyst,20000.0,0.2216969802300069,Low Risk,0
1455,Engineering,HR Manager,20000.0,0.06776617922270937,Low Risk,0
1456,R&D,HR Manager,20000.0,0.4150754419964311,Medium Risk,0
1457,Engineering,Director,20000.0,0.31325012328134816,Medium Risk,0
1458,Operations,Manager,20000.0,0.44103819429778895,Medium Risk,0
1459,Sales,Manager,20000.0,0.16061098946664917,Low Risk,0
1460,R&D,Research Scientist,20000.0,0.3589974018255969,Medium Risk,0
1461,Engineering,HR Manager,21800.0,0.009245265552264072,Low Risk,0
1462,R&D,Sales Executive,20000.0,0.11012160741917774,Low Risk,0
1463,Sales,Analyst,20000.0,0.7223157878886443,High Risk,1
1464,Operations,HR Manager,20000.0,0.09475722927196006,Low Risk,0
1465,Marketing,Manager,20000.0,0.045445169582020745,Low Risk,0
1466,Finance,HR Manager,20000.0,0.19367276868169156,Low Risk,0
1467,Sales,Director,20000.0,0.5205850000993931,Medium Risk,0
1468,Finance,Director,21200.0,0.018821947373448496,Low Risk,0
1469,HR,Manager,20000.0,0.34632216830334167,Medium Risk,0
1470,Sales,Analyst,20000.0,0.36032710878777335,Medium Risk,0
